path,labels,predicted_label,wer,wer_accuracy,cer,cer_accuracy
D:\Programming\Projects\major_project\Codes\ASR\data\audio\nep_2099_0456476554.flac,विश्व विषयक मन्त्रीस्तरीय अन्तर्राष्ट्रिय सम्मेलनमा भाग लिन बङ्लादेशको राजधानी ढाका प्रस्थान गर्नुअघि त्रिभुवन अन्तराष्ट्रिय विमानस्थलमा सञ्चारकर्मी बिच उनले सो कुरा बताए,विश्व विषयक मन्त्रिस्तरिय अन्तर्राष्ट्रिय सम्मेलनमा भाग लिन बङ्नादेशको राजधानी ढाका पनस्तान गर्नुअघि त्रिभुवन र अन्तर्राष्ट्रिय विभानस्थलमा सञचारकर्मीबिच उनले सो कुरा बताय,0.381,0.619,0.08235294117647059,0.9176470588235294
D:\Programming\Projects\major_project\Codes\ASR\data\audio\nep_0546_2868510042.flac,राजा ज्ञानेन्द्र शाहले दाइजो बकस दिएको घरजग्गा जबरजस्ती सरकारी ट्रस्टमा राखिएको भन्दै पूर्वअधिराजकुमारी प्रेरणाराज्यलक्ष्मी सिंह न्यायका लागि सर्वोच्च अदालत पुगिन्,राजा ज्ञानेन्द्र शाहले दाइजो बकस दिएको घरजग्गा जबजती सरकारी ड्रस्टमा राखिएको भन्दै पूर्व अधिराजकुमारी प्रेरणा राज्य लक्ष्मी सिंहन्यायका लागि सर्वच अतलात पुगिन्,0.5,0.5,0.08588957055214724,0.9141104294478528
D:\Programming\Projects\major_project\Codes\ASR\data\audio\nep_3997_2276753961.flac,आन्तरिक राजस्व कार्यालय भैरहवा अन्तर्गत रुपन्देहीको सिद्धार्थनगर नगरपालिका लुम्बिनी नगरपालिका तिलोत्तमा नगरपालिकामा मूल्य अभिवृद्धि करमा दर्ता छ,आन्तरिक राजस्व कार्यलय भैरवा अन्तर्गत रूपनदेहीको सिद्धार्थनगरनगरपालिका लुम्बिनी नगरपालिका तिलोत्तमा नगरपालिकामा मूल्य अभिवृद्धि कर्मादर्ता छ,0.412,0.5880000000000001,0.04861111111111111,0.9513888888888888
D:\Programming\Projects\major_project\Codes\ASR\data\audio\nep_2099_4853806205.flac,वेल्स उन्नाइस सय अन्ठानब्बेमा सान डिएगोमा बसाई सरे र एउटा आवासिय बजारले त्यहाँबाट हटाएपछि फ्लोरिडाको सेन्ट पिटर्सबर्गमा नै पुनर्स्थापित भए,वेल्स उन्नाइस सय अन्छनब्बेमा सान डिएगोमा बसाई सरे र एउटा आवश्य बजारले त्यहाँ बाट हटाएपछि फ्लोरिडागो सेन पिटर्सबर्गमा नै पुनर्स्थापित भए,0.3,0.7,0.06521739130434782,0.9347826086956522
D:\Programming\Projects\major_project\Codes\ASR\data\audio\nep_3960_8205149857.flac,प्रथम सगरमाथा आरोही एडमन्ड हिलारीको सहयोगमा बनेको कुन्दे अस्पतालले पर्यटक तथा खुम्बु क्षेत्रका स्थानीय बासीको उपचारमा ठुलो योगदान दिएको छ,प्रथम सगर माथा आरोही एडमन हिलारीको सहयोगमा बनेको कुन्दै अस्पतालले पर्यटक तथा खुम्बु क्षेत्रका स्थानीय बासीको उपचारमा ठुलो योगदान दिएको छ,0.2,0.8,0.029197080291970802,0.9708029197080292
D:\Programming\Projects\major_project\Codes\ASR\data\audio\nep_2099_4208594844.flac,किरण यादव त्रिभुवन विश्वविद्यालय पद्मकन्या क्याम्पसबाट अर्थशास्त्रमा स्नातक किरण यादव समानुपातिकतर्फ नेपाली काङ्ग्रेसका सभासद् हुनुहुन्छ,किरन यादव त्रिभुवन विश्वविद्यालय पद्मकन्या क्याम्पसबाट अर्थशास्त्रमा स्नातक किर यादव समानुपादिक तर्फ नेपाली काङ्ग्रेसका सभासद् हुनुहुन्छ,0.267,0.733,0.029411764705882353,0.9705882352941176
D:\Programming\Projects\major_project\Codes\ASR\data\audio\nep_0546_4896619679.flac,यस्तो उपनिवेश दक्षिण अमेरिका र फिलिपिन्सका स्पेनी उपनिवेशहरू तथा इस्ट इन्डिजका डच क्षेत्रहरूमा बेलायती आक्रमणहरूका लागि सहायक हुन सक्छन्,यस्तो उपनिवेश दक्षिण अमेरिका र फिलिपिन्सका स्पेनी उपनिवेसहरू तथा स्ट इन्डेसका डच क्षेत्रहरूमा बेलायती आक्रमणहरूका लागि साहायक हुन सक्छन्,0.211,0.789,0.03676470588235294,0.9632352941176471
D:\Programming\Projects\major_project\Codes\ASR\data\audio\nep_0546_2708621810.flac,नेपाली भाषाका निबन्ध लेखक तथा मदन पुरस्कार पुस्तकालयका संस्थापक दीक्षितले बनारस हिन्दु विश्वविद्यालयबाट स्नातकाेपाधि प्राप्त गरेका छन्,नेपाली भाषाका निबन्ध लेखक तथा मदन पुरस्कार पुस्तकालयका संस्थापक दीक्षितले बनारस हिन्दू विश्वविद्यालयबाट स्नातककोपाधिक प्राप्त गरेका छन्,0.118,0.882,0.029850746268656716,0.9701492537313433
D:\Programming\Projects\major_project\Codes\ASR\data\audio\nep_5687_9784939181.flac,नारायणी नदीको पुल तरेपछि सुरु हुने पश्चिमाञ्चल विकास क्षेत्र लुम्बिनी अञ्चल र नवलपरासी जिल्लाको सबैभन्दा पहिले आउने ठाँउ गैँडाकोट हो,नारायरी नदीको पुल्तरेपछि सुरु हुने पश्चिमाञ्चल विकास क्षेत्र लुम्बिनी अञ्चल र नबलपरासी जिल्लाको सबैभन्दा पहिले आउनेठाउँ गैडाकोट हो,0.35,0.65,0.05303030303030303,0.946969696969697
D:\Programming\Projects\major_project\Codes\ASR\data\audio\nep_6834_4282359735.flac,रेखा थापा गौरी मल्ल सुस्मिता कार्कीदेखि प्रिया रिजाल जस्ता नायिकाहरूको दाम्पत्य जीवनका पानाहरू चलचित्रका पर्दामा देखे जस्तो सुखद छैन,रेखा थापा गौरीमल्ल सुस्मिता कार्की देखि प्रिया रिजाल जस्ता नायिकाहरूको दामपत्य जीवनका पानाहरू चलचित्रका पर्दामा देखेजस्तो सुखत छैन,0.421,0.579,0.03787878787878788,0.9621212121212122
D:\Programming\Projects\major_project\Codes\ASR\data\audio\nep_6834_4289668561.flac,नायक श्रीकृष्ण श्रेष्ठसँग विवाहको केही समयमै पति वियोगको पीडामा परेकी नायिका स्वेता खड्काले विवाह अघि नै श्रीमान् बिरामी भएको बताइन,नायक श्री कृष्ण श्रेष्ठसँग विवाहको केही समयमै पतिवियोगको पिडामा परेकी नायका स्वइता खर्काले विवाह अघिने श्रीमान बिरामी भएको बताइन,0.55,0.44999999999999996,0.06870229007633588,0.9312977099236641
D:\Programming\Projects\major_project\Codes\ASR\data\audio\67b521143c.flac,उपप्रधान तथा गृहमन्त्री विजयकुमार गच्छदारद्वारा जारी नागरिकतासम्बन्धी परिपत्र कार्यान्वयन नगर्न सर्वोच्चद्वारा अन्तरिम आदेश जारी।,उपप्रधान तथा गृहमन्तीविजयकुमार गक्षेदारद्वारा झाारी नागिध सम्बन्धी परिपत्रकार्यन्यरण नगण स्वर्वोच्चद्वारा अन्तरिमआदोशजारी,0.857,0.14300000000000002,0.20155038759689922,0.7984496124031008
D:\Programming\Projects\major_project\Codes\ASR\data\audio\nep_6834_7575295537.flac,मउन्नाइस सय उनान्सत्तरीमा बेइजिङ गएका बोसले चिनियाँ कम्युनिष्ट पार्टीबाट नौ बुँदे सुझाव नक्सलवादी आन्दोलनको इतिहासमा उल्लेखनीय छ,उन्नाइस सय उनन्सत्तरीमा बैजिङ् गएका बोसले चीनिया कम्युनिस्ट पार्टीबाट नौ बुन्दे सुझाव नक्सल वादी आन्दोलनको इतिहासमा उल्लेखनीय छ,0.471,0.529,0.0859375,0.9140625
D:\Programming\Projects\major_project\Codes\ASR\data\audio\nep_5687_7158273713.flac,पोखराबाट जोमसोमका लागि उडेको अग्नि एयरको नाइन एन एआइजी नम्बरको विमान जोमसोम विमानस्थल नजिकैको पहाडमा ठक्कर खाएर दुर्घटना भएको हो,पोखराबाट जोमसोङका लागि उडेको अग्नियरको नाइनएन एआइजी नम्बरको विमान जोमसोम विमानस्थल नजिकैको पहाडोमार ठक्कर खाएर दुर्गटना भएको हो,0.35,0.65,0.0546875,0.9453125
D:\Programming\Projects\major_project\Codes\ASR\data\audio\nep_2099_8173590899.flac,यूरोपेलीहरू विश्वको भूगोलका बारेमा धेरै कम जान्दथे र इङ्ल्यान्डका अपराधीहरूका लागि बटनी बेमा निर्वासन एक भयप्रद सम्भावना थियो,युरोपेलीहरू विश्वको बुगलको बारेमा धेरै कम चान्दथै र इङल्यान्डका अपराधीहरूका लागि बट्नी बेमा निर्वाचन एक भए प्रदव सम्भावना थियो,0.444,0.556,0.104,0.896
D:\Programming\Projects\major_project\Codes\ASR\data\audio\nep_6834_6530919193.flac,पाण्डव सुनुवारको आवाजको लोकप्रियतालाई शारीरिक रूपसँग दाँजेर कलाकार मदनकृष्ण श्रेष्ठ र हरिवंश आचार्यले ठट्यौली कथन बनाएका थिए,पाण्ड सुनुवारको आवाजको लोकप्रियतालाई शारीरिक रूपसँग दाँजेर कलाकार मदनकृष्ण श्रेष्ठ र हरिवंश आचार्यले ठट्यौली कथन बनाएका थिए,0.059,0.9410000000000001,0.008064516129032258,0.9919354838709677
D:\Programming\Projects\major_project\Codes\ASR\data\audio\nep_6834_5460988013.flac,यादवले भारतको गुजरातस्थित सरदार पटेल युनिभर्सिटिबाट बिइ र थाइल्यान्डको एसियन इन्स्टिच्युट अफ टेक्नोलोजीबाट एमई गर्नुभएको हो,यादवले भारतको गुजरात स्थित सरदार पटेल युनिभर्सिटीबाट बिई र थाइल्यान्डको एसेएन एन्स्टिट्युट अफ टेकनोलोजीबाट एमइी गर्नुभएको हो,0.5,0.5,0.08130081300813008,0.9186991869918699
D:\Programming\Projects\major_project\Codes\ASR\data\audio\nep_0883_3134182114.flac,उपसाला नगरमालर पोखरीको जलयातायातयोग्य एउटा शाखाको तटमा जसको नाम फैरिस नदी हो र स्टकहोम नगरको एकचालिस मिल उत्तरतिर अवस्थित छ,उपसाला नगर मालर पोखरीको जल यातायात योग्य एउटा शाखाको तट्टवमाजसको नाम फइरिस नदी हो र स्टकहोमनगरको एकचालिस मिल उत्तरतिर अवस्थित छ,0.5,0.5,0.07317073170731707,0.926829268292683
D:\Programming\Projects\major_project\Codes\ASR\data\audio\nep_5687_3296740400.flac,त्रि वि शिक्षण अस्पतालबाट उत्पादन भएका जनशक्तिलाई देशभरि परिचालन गर्नुपर्नेमा यसो नभइ सबै सहरी क्षेत्रमै केन्द्रित भएका छन्,त्रिवि शिक्षण अस्पतालबाट उत्पादन भएका जनशक्तिलाई देशभरी परिचालन गर्नुपर्नेमा यसो नबै सबै सहरी क्षेत्रमै केन्द्रित भएका छन्,0.222,0.778,0.032520325203252036,0.967479674796748
D:\Programming\Projects\major_project\Codes\ASR\data\audio\nep_5687_7992527132.flac,मापसे गरी सवारी चलाएर ट्राफिक छल्न खोज्दा ललितपुरको सेन्ट मेरिज स्कुल पछाडिको रेलिङनै गाडीमा वारपार हुने गरी दुर्घटना भयो,मापस्य गरी सवारी चलाएर ट्राफिक छल्न खोज्दा ललितपुरको सेन्टमेरिज स्कुल पछाडीको रेलिङ्नै गाडीमा पारपार हुने गरी दुर्घटना भयो,0.316,0.6839999999999999,0.049586776859504134,0.9504132231404958
D:\Programming\Projects\major_project\Codes\ASR\data\audio\nep_6834_1576990647.flac,निरुता सिंह नेपालको एउटा सुप्रसिद्ध अभिनेत्री हुन् र उनको जन्म भारतको पश्चिम बंगाल प्रान्तको दार्जिलिङ जिल्लामा भएको थियो,निर्तासिंह नेपालको एउटा सुप्रसिद्ध अभिनेत्री हुन् र उनको जन्म भारतको पश्चिम बङ्गाल प्रान्तको दार्जिलिङ जिल्लामा भएको थियो,0.167,0.833,0.03305785123966942,0.9669421487603306
D:\Programming\Projects\major_project\Codes\ASR\data\audio\f0ad56c4f7.flac,मध्यम पुरुषवाचक सर्वनाम जुन सर्वनामको प्रयोग बोल्नेवाला श्रोताका लागि गरिन्छ त्यसलाई मध्यम पुरुषवाचक सर्वनाम भन्दछन्।,मध्यम पुरुष्वाचक सर्वनाम जुन सर्वनामको प्रयोग पोल्नेवालाश्रोताका लागि गरिन्छ त्यसलाई मध्यम पुरुषवाचक सर्वनाम भन्दछन्।,0.2,0.8,0.02564102564102564,0.9743589743589743
D:\Programming\Projects\major_project\Codes\ASR\data\audio\nep_6834_3288636356.flac,दक्षिणमा चेक गणतन्त्र र स्लेभाकिया पूर्वमा युक्रेन र बेलारुस र उत्तरमा बाल्टिक सागर लिथुवानिया र रुससँग जोडिएका छन्,दक्षिणमाछेक गणतन्त्र र स्लेभाकीया पूर्वमा युक्रेन र बेलारूस र उत्तरमा बाल्तिक सागर हिलितुवानिया र रूससँग जोडिएका छन्,0.389,0.611,0.0782608695652174,0.9217391304347826
D:\Programming\Projects\major_project\Codes\ASR\data\audio\nep_6834_0878848819.flac,दुई हजार दस सालमा बालकृष्ण समको नाटक अन्धवेगमा शान्ति मास्केको प्रवेशसँगै नेपाली रङ्गमञ्चमा नेपाली हिरोइनको उदय भयो,दुई हजार दश शालमा बालकृष्ण समको नाटक अन्धवेगमा शान्ति मास्केको प्रवेश सँगै नेपाली रङ्गमन्चमा नेपाली हिरोइनको उदय भयो,0.294,0.706,0.034782608695652174,0.9652173913043478
D:\Programming\Projects\major_project\Codes\ASR\data\audio\b36a1404bb.flac,अमेरिकी सेनाका एसिया प्यासिफिक क्षेत्रका कमान्डर इनचिफले नेपालसँगको सैन्य सम्बन्धलाई हेर्ने जिम्मेवारी पूरा गर्छन्।,अमेरिकी सेनाका एसियाप्यासिफिक क्षेत्रका कमान्डरिन्चिफले नेपालसँगको सैन्य सम्बन्धलाई हेर्ने जीमयवारी पुरा गर्छन्।,0.429,0.571,0.0782608695652174,0.9217391304347826
D:\Programming\Projects\major_project\Codes\ASR\data\audio\60c61ae000.flac,गेदले फ्रान्समा मार्क्सवादी विचारधाराको प्रचारप्रसार तथा समाजवादी आन्दोलन्को विकासको लागि प्रशस्त कार्य गरेका थिए।,गेदले फ्रान्समा मार्क्सवादी विचारधाराको प्रचारप्रसाद तथा समाजवादी आन्दोलन विकासको लागि प्रशस्थ कार्य गरेका थिए।,0.214,0.786,0.043859649122807015,0.956140350877193
D:\Programming\Projects\major_project\Codes\ASR\data\audio\nep_0283_9885544741.flac,सिन्धुलीमा कमलामाई तथा गाईघाटमा त्रियुगा जस्ता नगरपालिका भएको यस उपत्यकामा कटारी घुर्मी भिमान लगायतका बजारसमेत छन्,सिन्धुलीमा कमलामायि तथा गाईघाटमा त्रियुगा जस्ता नगरपालिका भएको यस उपत्यकामा कटारी घुर्मी भिमानलगायत बजार समेत छन्,0.25,0.75,0.05263157894736842,0.9473684210526316
D:\Programming\Projects\major_project\Codes\ASR\data\audio\d729d1bb45.flac,बनारस हिन्दु विश्वविद्यालय कला सङ्ग्रहालयमा लामो समयसम्म काम गर्नुभएका उहाँ वासपेन्टिङमा सिद्धहस्त हुनुहुन्थ्यो।,बनारस सिन्धू विश्वविद्यालयकला सङ्ग्रहालयमा लामो समयसम्माम गर्नुभएका उहाँ वासपेन्टिङमा सिद्धहस्त हुनुहुन्थ्यो,0.462,0.538,0.0625,0.9375
D:\Programming\Projects\major_project\Codes\ASR\data\audio\e1db54d01a.flac,उपत्यकाका विभिन्न सांस्कृतिक पर्वहरूमा नेवारहरूको समूह आफ्नो सांस्कृतिक पहिरनमा ककुवय् बजाउँदै हिँडेको देखिन्छ।,उपत्यकाका विभिन्न सांस्कृतिक पर्वहरूमा नेवारहरूको समूह आफ्नो सांस्कृतिक पहिरनमा ककुव्य बझाउँदै हिरेको देखिन्छ।,0.231,0.769,0.04504504504504504,0.954954954954955
D:\Programming\Projects\major_project\Codes\ASR\data\audio\64200fa64b.flac,खेतीपातीमा रमाएर बसेका किरातहरूको ककेसियाबाट युरोप मध्यपूर्व हुँदै भारतीय उपमहादिप आइपुगेका आर्यहरूसँग भेट भयो।,क्ेतिपातिमा र माएर बसेका किराँतहरूको ककेसियाबाटयुरोमध्यपूर्व हुँदै भारतीय उपमहाद्विप आइपुगेका आरीहरूसँग पेटभए।,0.786,0.21399999999999997,0.15315315315315314,0.8468468468468469
D:\Programming\Projects\major_project\Codes\ASR\data\audio\db2d62a49a.flac,इतिहासमा पहिलो जिक्र आगराको महाभारतका समयदेखि मानिन्छ जब यसलाई अग्रबाण वा अग्रवनका नामले सम्बोधित गरिन्थ्यो।,इतिहासमा पहिलो जिक्र अगरक महाबारतका समयदेखि मान्छजब।यसलाई अवग्रहबाण वा अग्रवनको नामले सम्बन्धित गरिन्थ्यो।,0.533,0.46699999999999997,0.12037037037037036,0.8796296296296297
D:\Programming\Projects\major_project\Codes\ASR\data\audio\02d25b5ddd.flac,डाँडाफाया नेपालको मध्यपश्चिमाञ्चल विकासक्षेत्र कर्णाली अञ्चलको हुम्ला जिल्लामा अवस्थित गाउँ विकास समिति हो।,डाँडाफाया नेपालको मध्यपश्चिमाञ्चलविकासक्षेत्र कर्णाली अञ्चलको हुमला जिल्लामा अवस्थित गाउँ विकास समिति हो।,0.231,0.769,0.018691588785046728,0.9813084112149533
D:\Programming\Projects\major_project\Codes\ASR\data\audio\56cb73698a.flac,त्यसैले सिसुलुले अफ्रिका नेसनल कङ्ग्रेसमा दबिएर बस्नु भन्दा बराबर व्यवहार हुने पार्टीमा प्रवेश गरेको बताए।,त्यसैले सिसुलुले अफ्रिका नेसनल काङ्ग्रेसमादबिएर वस्तुभन्दा बरावर व्यवहार हुने पार्ठीमा प्रवेश गरेको बताए।,0.4,0.6,0.0660377358490566,0.9339622641509434
D:\Programming\Projects\major_project\Codes\ASR\data\audio\acfbe80475.flac,मन्दिरको जिर्णोद्धार यज्ञशालाको निर्माण बगैँचाको व्यवस्था पूजारी र बगैँचा सुधारेको बन्दोबस्त गरीदिनु भयो।,मन्दिरको ज्णोदार एज्ेशालाको निर्माण बगैंचाको व्यवस्था पूजाारी र बगैंचा सुधारेको बन्धवस्त गरिदिनुभयो।,0.615,0.385,0.13333333333333333,0.8666666666666667
D:\Programming\Projects\major_project\Codes\ASR\data\audio\3982884319.flac,मल जा खुवाउनाले सानासाना नानीहरूलाई झाडापखालाजस्ता विभिन्न खाले महामारी रोगहरू लाग्दैन भन्ने जनविश्वास छ।,मलजाखुवाउनाले साना साना नानीहरूलाई झाँडा पखला जस्ता विभिन्न खाले महामारी रोगहरू लागदैन भन्ने जनविश्वास छ।,0.571,0.42900000000000005,0.0761904761904762,0.9238095238095239
D:\Programming\Projects\major_project\Codes\ASR\data\audio\6f3a0a045e.flac,यदि बियो हुत्याउने क्षेत्रभन्दा बाहिर खसेमा डन्डी समूहले सुनौलो मौका अर्थात् एकपटक बढी हुत्याउन पाउनेछ।,यदिबीयो हुत्याउने क्षेत्रभन्दाबाहिर खसेमा डन्डी समूहलेसनौलो मोका अर्थात् एक पटक बढी हुत्याउन पाउनेछ।,0.6,0.4,0.06796116504854369,0.9320388349514563
D:\Programming\Projects\major_project\Codes\ASR\data\audio\1862ad66a9.flac,पूर्णिमापछि आउने एकादशीलाई कृष्ण पक्षको एकादशी र अमावस्यापछि आउने एकादशीलाई शुक्ल पक्षको एकादशी भनिन्छ।,पूणिमा पछि आउने एकादशीलाई कृष्णपक्षको एकादशी र अमावस्यापछि आउने एकादशीलाई शुक्ल पक्छको एका दशी भनिन्छ।,0.5,0.5,0.05825242718446602,0.941747572815534
D:\Programming\Projects\major_project\Codes\ASR\data\audio\0efd9df01d.flac,दिपकजी तपाईँले लेख्न खोज्नुभएको शीर्षकको लेख नेपाली विकिपीडियामा छैन भने नयाँ लेख सुरू गर्न सक्नुहुन्छ।,विपग्जी तपाईँले लेख्न खोज्नुभएको शीर्षकोले नेपाली विकिपेडियामा छैन भने नयाँ लेख सुरु गर्न सक्नुहुन्छ।,0.333,0.667,0.07766990291262135,0.9223300970873787
D:\Programming\Projects\major_project\Codes\ASR\data\audio\bf5c8cc905.flac,यस वर्षको ओस्कार अवार्डमा सहनायिका विधामा मनोनित हुँदा बालकलाकार हाइली स्टेनफेल्ड मस्त निद्रामा थिइन्।,यस वर्षको होस्कार अब्रमा शाहनायिका विधामा मनोनित हुँदा बालकलाकार हाइली स्टेफेन्ड मस्त निर्मा थिइन्।,0.357,0.643,0.12745098039215685,0.8725490196078431
D:\Programming\Projects\major_project\Codes\ASR\data\audio\012528e40a.flac,चापाकोट नेपालको पश्चिमाञ्चल विकास क्षेत्रको गण्डकी अञ्चल कास्की जिल्लामा अवस्थित गाउँ विकास समिति हो।,चापाकोट नेपालको पश्चिमाञ्चल विकासक्षेत्रको गण्डती अञ्चल कास्की जिल्लामा अवस्थित गाउँ विकास समिति हो।,0.214,0.786,0.019801980198019802,0.9801980198019802
D:\Programming\Projects\major_project\Codes\ASR\data\audio\nep_0283_4559349270.flac,दुई हजार उनान्सत्तरी पौष अट्ठाइस गतेबाट माघ छ गतेसम्म बढैया तालमाघी तथा कृषि महोत्सवको आयोजना गरेको छ,दुई हजार उन्नान्सत्तरी पौस अट्ठाइस गतेयबाट मा्ग छ गतेसम्म बडाइया तालमागी तथा कृषि महत्चव आयोजना गरेको छ,0.412,0.5880000000000001,0.13861386138613863,0.8613861386138614
D:\Programming\Projects\major_project\Codes\ASR\data\audio\43823fb116.flac,यसैलाई लक्ष्य बनाइ इक्वल एक्सेस नेपालले आफ्ना कार्यक्रमहरूमा महिला हिंसाविरुद्ध आवाज उठाउने गरेको छ।,यसैलाई लक्ष बनाइ इक्लएक्सेस नेपालले आफ्ना कार्यक्रमहरूमा मैला हिंसाविरुद्ध आवा ुठाउने गरेको छ।,0.429,0.571,0.08,0.92
D:\Programming\Projects\major_project\Codes\ASR\data\audio\1a17774d3b.flac,अन्य वैज्ञानिकहरू ग्यालेक्सीमा उपस्थित सभ्यताहरूको सङ्ख्याबारे सिद्धान्त प्रतिपादित गर्न सक्रिय रहे।,अन्य वैज्ञानिकाहरू ग्यालेक्सिमा उपस्थित स्व्यताहरूको सङ्ख्याबारे सिद्धान्त प्रतिपादित गर्न सक्रिया रहे,0.455,0.5449999999999999,0.06,0.94
D:\Programming\Projects\major_project\Codes\ASR\data\audio\0cf62b52ab.flac,बलिदेवताको पूजाजेठो हाँगो समाई मूलघर बनाएर मूलघरबाटै बलिको सङ्कल्प पढि धूपबत्ति गराई बलिलाई पर्छिने।,बलिदेवताको पुजाजेटौहाँगो समई मुलघर बनाएर मूलघरबाटै बलीको सङ्कल्पबढी दोबपतिगराई बलीलाई पर्षिने,0.786,0.21399999999999997,0.19,0.81
D:\Programming\Projects\major_project\Codes\ASR\data\audio\02ac0d375c.flac,लुङको देवाली लुङको देवाली नेपालको प्युठान जिल्लाको लुङ गाउँ विकास समितिमा लाग्ने प्रसिद्ध जात्रा हो।,लुङ्को देवालीलुङ्को देवाली नेपालको प्युठान जिल्लाको लुङगाउँ विकास समितिमा लाग्नी प्रसिद्ध जात्रा हो।,0.4,0.6,0.05,0.95
D:\Programming\Projects\major_project\Codes\ASR\data\audio\39208e434a.flac,फेब्रुअरीमा मनागुआ निकारागुआका अध्यक्ष ड्यानियल ओर्टेगाले अगस्तो सिजर सान्दिनो सम्मानवाट सम्मान गरे।,फेब्रुरीमा मनागुवा निकारगुवाका अध्यक्ष ड्यायनिल ओट्रेकाले अगस्तो सिजर सान्दिनो सम्मानबाट सम्मान गरे।,0.5,0.5,0.12,0.88
D:\Programming\Projects\major_project\Codes\ASR\data\audio\2e783e1cbc.flac,संहिताका मन्त्रहरूमा यस विद्याको बीज अवश्य उपलब्ध हुन्छ परन्तु आरण्यकहरूमा यसैलाई पल्लवित गरिएको छ।,सङगीताका मन्त्रहरूमा यस विद्याको बीझ अवश्य उपलब्ध हुन्छ परन्तु अरण्यकहरूमा यसैलाई पलबित गरिएको छ।,0.286,0.714,0.08080808080808081,0.9191919191919192
D:\Programming\Projects\major_project\Codes\ASR\data\audio\bc27c93cce.flac,पूर्व पश्चिम रनवे बनाउँदा भुन्ग ताउका जनवारलाई ध्वनी प्रदूषण पनि नहुने राय विज्ञहरूले दिइसकेका छन्।,पूर्वपश्चिम रणवे बनाउँदाभून्गताउका जनावारलाई ध्वानी प्रदू्शण पनि नहुने रविज्ञहरूले दीसकेका छन्,0.867,0.133,0.15151515151515152,0.8484848484848485
D:\Programming\Projects\major_project\Codes\ASR\data\audio\4898307cbf.flac,यूरोपीय दर्शनमा जहाँ संशयवादको जन्म यूनानमा नै भइसकेको थियो वहाँ अज्ञेयवाद आधुनिक युगको विशेषता हो।,युरोपीय दर्शनमा जहाँ समसयबादको जन्म युनानमा नै भैसकेको थियो उहाँ अग्ञयबाद आधुनिक एउको विशेषता हो।,0.467,0.5329999999999999,0.13131313131313133,0.8686868686868687
D:\Programming\Projects\major_project\Codes\ASR\data\audio\a275120fcc.flac,अन्य स्थानहरूमा बगैँचामा रुखहरूको पङ्क्तिहरू छन् एवम् मुख्य द्वारदेखि समाधिस्थल सम्म फौव्वारा छन्।,अन्य स्थानहरूमा बगैँचामा रूखहरूको पंतिहरू छन् एवम मुख्यद्वारदेखि समाधिस्थलसम्म फवारा छन्।,0.615,0.385,0.11224489795918367,0.8877551020408163
D:\Programming\Projects\major_project\Codes\ASR\data\audio\a3d517df80.flac,बिना अनुसन्धान र केवल राशिका आधारमा लगाएको रत्नले तपाईँलाई दुस्परिणाम पनि प्राप्त भैरहेको हुनसक्छ।,बिनाअनुसन्धान र केबर्ल राशीका आधारमा लगाएको रत्नले तपाईलाई दोस्परिनाम पनि प्राप्त भैरहेको हुनु सक्छ।,0.571,0.42900000000000005,0.10204081632653061,0.8979591836734694
D:\Programming\Projects\major_project\Codes\ASR\data\audio\2e29b9af7c.flac,पञ्चरत्नको चुल्या पञ्चधातुको पास्नी इहि बाह्राः विवाहको बेलामा श्रृङ्गारको रूपमा प्रयोग हुने गहना।,पञ्चरत्नको चुल्या पञ्चधात्पास्नी यहीबाह्रा विवाको बेलामा सिंगारको रूपमा प्रयोग हुनै कहना,0.615,0.385,0.1836734693877551,0.8163265306122449
D:\Programming\Projects\major_project\Codes\ASR\data\audio\87fdb99282.flac,प्रत्यक्ष प्रणालीबाट संविधानसभामा पुग्ने माओवादीका चार जोडीमध्ये एक हुन् टेकेन्द्रप्रसाद भट्ट पनि।,प्रत्यक्ष प्रणालीबाट संविधानसभामा उग्ने माउवादीकाचार जोडीमध्ये एक हुन् टेकेन्द्रप्रसाद भट्ट पनि,0.333,0.667,0.05102040816326531,0.9489795918367347
D:\Programming\Projects\major_project\Codes\ASR\data\audio\6134a1dfab.flac,कुनै तत्त्वको परमाणु क्रमाङ्क त्यसको तत्त्वका नाभिकमा अवस्थित प्रोटोनहरूको सङ्ख्यासँग बराबर हुन्छ।,को नैतत्त्वको परमाणु क्रमाङक त्यसकोतत्त्वका नाभिकमा अवस्थित प्रोटनहरूको सङ्ख्यासँग बढाबर हुन्छ।,0.583,0.41700000000000004,0.07142857142857142,0.9285714285714286
D:\Programming\Projects\major_project\Codes\ASR\data\audio\f8c235b27b.flac,विरोचनका छोरा बलिले अनुरोध गरेपछि भाद्र शुक्ल एकादशीका दिन बलिको आश्रममा मेरो प्रतिमा स्थापित भयो।,बिरोचनका छोरा बलिले अनुरोध गरेपछि भाद्र शुक्ल एकादशीका दिन बलिको आश्रममा मेरो प्रतिमा स्थापित भयो।,0.067,0.933,0.01020408163265306,0.9897959183673469
D:\Programming\Projects\major_project\Codes\ASR\data\audio\e1e9ce33f1.flac,जसले रामले स्थापना गर्नुभएको रामेश्वर शिवलाई दर्शन गर्छ त्यसको ब्रह्म हत्यादि पाप पनि नष्ट हुन्छ।,जसले रामले स्थापना गर्नुभएको रामेश्वर शिबलाहितदर्शन गर्छ त्यसको ब्रह्म इत्याधि पाप पनि नष्ट हुन्छ।,0.2,0.8,0.061855670103092786,0.9381443298969072
D:\Programming\Projects\major_project\Codes\ASR\data\audio\67fa0c4aab.flac,अण्डमान मलय भाषाको हांदुमन शब्दबाट लिईएको छ जुन हिन्दुहरूको भगवान हनुमान शब्दको परिवर्तित रूप हो।,अन्डमान मलय भाषाको हाङ्दुमन शब्दबाटलेएक जुन हिन्दूहरूको भगन न्मन शब्दको परिवुतत्रूपो,0.733,0.267,0.2268041237113402,0.7731958762886598
D:\Programming\Projects\major_project\Codes\ASR\data\audio\37e19626ee.flac,यो सम्प्रदायेले महमति श्री प्राणनाथ प्रनिथ श्रीमततारतम सागरलाई आफ्नो प्रमुख धर्म ग्रन्थ मान्दछन्।,यो सम्प्रदायले महमती श्री पाणथ प्रणीत श्रीमतारतम सागरलाई आफ्नो प्रमुख धर्मग्रन्थ मान्दछन्।,0.538,0.46199999999999997,0.1134020618556701,0.8865979381443299
D:\Programming\Projects\major_project\Codes\ASR\data\audio\da4a93fa2d.flac,दुई संगठन भूमिगत तन्त्रको सञ्चालन गर्छन निजी टोकियो मेट्रो र सरकारी टोकिन महानगर यातायात ब्युरो।,दुई सङ्गठन भूमिगततन्त्रको सञ्चालन गर्छन निजी टोकियो मेट्रो र सरकारी टोकिन्न महानगर यतायत ब्युरो।,0.333,0.667,0.07291666666666667,0.9270833333333334
D:\Programming\Projects\major_project\Codes\ASR\data\audio\bc87fecbb1.flac,प्रथम युगको अन्तमा सौरन आफ्नो सैतानी मालिक मोर्गथ मेल्करको देवताहरूद्वारा हारबाट बचेर निस्किन्छ।,प्रथमयुको अन्तमा सौरण आफ्नो सैतानीमालिकमोगर्थ मेलकरको देवताहरूद्वारा हारबाट बचेर निस्कुन्छ,0.615,0.385,0.10416666666666667,0.8958333333333334
D:\Programming\Projects\major_project\Codes\ASR\data\audio\8ddc0194dd.flac,यस क्षेत्रको समस्याहरूमा विद्रोह बेरोजगारी मादक पदार्थहरूको सेवन र आधारभूत सुविधाहरूको अभाव हो।,यस क्षेत्रको समस्याहरूमा विद्रोह बेरोजगारी माधग पदार्थहरूको सेवन र आधारभूत सुविधाहरूको अभाव हो।,0.077,0.923,0.021052631578947368,0.9789473684210527
D:\Programming\Projects\major_project\Codes\ASR\data\audio\184f87ca5b.flac,त्यति लामो ग्रेटवाल मुनिबाट वारिपारि जाने उद्देश्यले मुख्यमुख्य ठाउँमा प्रवेशद्वार बनाइएको छ।,त्यति लामो ग्रेटवाल मुनिबाट वरिपरिजाने उद्देश्यले मुख्य मुख्य ठाउँमा प्रवेशद्वार बनाइएको छ।,0.333,0.667,0.043010752688172046,0.956989247311828
D:\Programming\Projects\major_project\Codes\ASR\data\audio\df523b4a9f.flac,अन्ततः अफगानिस्तानलाई आफूले चाहेअनुरूपको सन्धिमा हस्ताक्षर गराउन तत्कालीन भारत सफल भएको थियो।,अन्तत अफगानिस्तानलाई आफूले साहेअनुरूपको सन्धिमा हस्ताक्षर गराउन तत्कालीन भारत सफल भएको थियो।,0.167,0.833,0.021505376344086023,0.978494623655914
D:\Programming\Projects\major_project\Codes\ASR\data\audio\686f4b0ac8.flac,अगस्तमा जापान ब्रिटेन आदिको तर्फबाट अनि केही समयपछि टर्की जर्मनीको तर्फबाट युद्धमा सामेल भए।,अगस्टमा जापान ब्रिटेन आदिको तर्फबाट अनि केही समयपछिडर्की जर्मनीको तर्फबाट युद्धमा सामेल भए,0.286,0.714,0.043478260869565216,0.9565217391304348
D:\Programming\Projects\major_project\Codes\ASR\data\audio\4bd485a3de.flac,धनको कमीका कारण अगाडि आएर धेरै कठिनाइ हुन्छ र अस्पतालका निम्नलिखित उद्देश्य पूरा हुन सक्दैन।,ढनको कमीकाकारण अगाडिआएर ढेरै कठ्नाइयोर अस्पतालका निम्नोलिखित उर्डस्य पुरा हुन सकदैन,0.867,0.133,0.21739130434782608,0.782608695652174
D:\Programming\Projects\major_project\Codes\ASR\data\audio\32bdaa274c.flac,डि एन डि फ्लाइवे र नौयडा ग्रेटर नौयडा एक्स्प्रेसवे दिल्लीलाई दुई मुख्य उपनगरहरूसँग जोड्ने छ।,डीएन्डी फ्लाइबे र नौयडाग्रेटर नौयडा एक्सप्रेसवे दिल्लीलाई दुई मुख्य उपनगरहरूसँग जोड्नेछ।,0.6,0.4,0.08695652173913043,0.9130434782608696
D:\Programming\Projects\major_project\Codes\ASR\data\audio\b5fd023133.flac,त्यसपछि मात्र यस राष्ट्रको निर्माणमा कसको कति र के योगदान रह्यो भन्ने प्रसङ्गको अर्थ रहन्छ।,त्यसपछि मात्र यस राष्ट्रको निर्माणमा कशको कति र केही एगदन रह्‍यो भन्ने प्रसङ्गको अर्थ रहन्छ।,0.267,0.733,0.07692307692307693,0.9230769230769231
D:\Programming\Projects\major_project\Codes\ASR\data\audio\18a9405b67.flac,हरिहर भवनअगाडिको मैदानमा भएको प्रतियोगितामा नरेश एघार पहिलो र एनआरटी एघार दोस्रो भएको थियो।,हरियरभवन अगाडिको मैदानमा भएको प्रतियोगितामा नरेशएघार पहिलो र एनआर्टी एगार दोस्रो भएको थियो।,0.429,0.571,0.06593406593406594,0.9340659340659341
D:\Programming\Projects\major_project\Codes\ASR\data\audio\a02c9a2130.flac,ट्रान्सपरेन्सी इन्टरनेसनलको भ्रष्टाचार सूचकाङ्कमा नेपालको भ्रष्टाचार बढ्दै गएको देखिएको छ।,ट्रान्स्फिरेन्सी इन्टरनेसनलको भ्रस्चार सूचकाङ्कमा नेपालको भरष्टाचार बढ्दै गएको देखिएको छ,0.4,0.6,0.08888888888888889,0.9111111111111111
D:\Programming\Projects\major_project\Codes\ASR\data\audio\4cd7c6df79.flac,भन्नुहुन्थ्यो शङ्करजी तपाईँंको लेख त्यो लेख शङ्कर लाभिछाने शङ्कर लामिछानेको दृष्टिमा पढेँ।,भन्नुहुन्थ्यो सङ्कर्जी तपाईँको लेखत्यो लेखशङ्कर लामीछाने शङ्कर लामिछानेको दृष्टिमा पढे,0.667,0.33299999999999996,0.1,0.9
D:\Programming\Projects\major_project\Codes\ASR\data\audio\bac3a0e716.flac,स्वास्थ्यसेवालाई निष्पक्ष निर्भिक सक्षम स्वस्थ र गतिशील एवम् जनमुखी बनाउन प्रयत्नरत रहने।,स्वास्थ्यसेवालाई निष्पक्ष निर्विक शक्षम स्वास्थ्य र गतिशील एवं जनमुखी बनाउन प्रयत्नरत्रहने,0.5,0.5,0.10112359550561797,0.898876404494382
D:\Programming\Projects\major_project\Codes\ASR\data\audio\4980dd0d65.flac,विविएलएल मार्फत् यस जिल्लामा झोलुङ्गे पुल निर्माण गर्ने कार्य तिब्र रूपमा अगाडि बढेको छ।,ज्जी बीएलएल मार्फत यस जिल्लामा झोलुङ्गे पुल निर्माण गर्ने कार्य तिब्र रूपमा अकाडि बढेको छ।,0.286,0.714,0.10227272727272728,0.8977272727272727
D:\Programming\Projects\major_project\Codes\ASR\data\audio\2605f502c8.flac,अविश्वासको प्रस्तावद्वारा प्रधानमन्त्रीलाई हटाउन सकिने व्यवस्था संशोधनबाट थप गरिएको छ।,अविश्वासको प्रस्तावद्वारा प्रधानमन्तरलाई हटाउन सकिने व्यवस्था संसधानबाट थपलिएलोक छा,0.5,0.5,0.12790697674418605,0.872093023255814
D:\Programming\Projects\major_project\Codes\ASR\data\audio\14fae73ab1.flac,यदि कसैले पनि त्यो औँठीलाई आफ्नो औलामा लगायो भने त त्यो संसारको नजरदेखि गायब हुन्थ्यो।,यदि कसैले पनि त्यो औँठीलाई आफ्नो औलामा लगायो भने त त्यो संसारको नजारदेखि गायव हुन्थ्यो।,0.133,0.867,0.023255813953488372,0.9767441860465116
D:\Programming\Projects\major_project\Codes\ASR\data\audio\0eb0eeccff.flac,ऋषिपूजापछि नाचगान तथा भजनकीर्तन गरेमा तीजको व्रत पूर्ण हुन्छ भन्ने धार्मिक मान्यता छ।,ऋषिपुजापछि नाचगान तथा बजनकिर्तन गरेमा तीजको वर्थपूर्ण हुन्छ भन्ने धात्मिक मान्यता छ।,0.385,0.615,0.08235294117647059,0.9176470588235294
D:\Programming\Projects\major_project\Codes\ASR\data\audio\ba0c461d53.flac,हानि आफ्नो क्षतिपूर्ति त्यस दशामा पनि लिन्छ जब कुनै अधिकार क्षेत्रमा कुनै बाधा हुन्छ।,हानी आफ्नो छतिपूर्ति त्यसदशामा पनि लिन्छ जब कुनै अधिकार क्षेत्रमा कुनै बाँदा हुन्छ।,0.357,0.643,0.08235294117647059,0.9176470588235294
D:\Programming\Projects\major_project\Codes\ASR\data\audio\6d662e2fc2.flac,त्यही प्रकारले एल्फा धनात्मक एल्फाथैलैसिमियाका मामलाहरूमा पनि मलेरियाको दर कम पाइन्छ।,त्यही प्रकारले एल्फा धनात्मक यल्फाथैलेसिमियाका मामलाहरूमा पनि मलेरियाको दरकमा पाइन्छ।,0.273,0.727,0.047058823529411764,0.9529411764705882
D:\Programming\Projects\major_project\Codes\ASR\data\audio\0a9375cb41.flac,यो कलन गणित र भौतिकीको मात्रात्मक विज्ञानको विकासको लागि अपरिहार्य अग्रदूत साबित भयो।,योकलन गणित र भौतिकीको मात्रात्मक विज्ञानको विकासको लागि अपरिहार्य अग्रदूत साबित भयो।,0.154,0.846,0.011764705882352941,0.9882352941176471
D:\Programming\Projects\major_project\Codes\ASR\data\audio\3739f5655f.flac,दिब्रुगढ विश्वविद्यालय भारतको राज्य आसामको डिब्रुगढमा अवस्थित एउटा विश्वविद्यालय हो।,विब्रुगण विश्वविद्यालय भारतको राज्यआसामको दिव्रुगणमा अवस्थित एउटा विश्वविद्यालय हो।,0.4,0.6,0.07142857142857142,0.9285714285714286
D:\Programming\Projects\major_project\Codes\ASR\data\audio\59368dcbb9.flac,सामान्य थारु परिवारमा जन्मेका थारुले आइ ए तहसम्मको औपचारिक अध्ययन पुरा गर्नुभएको छ।,सामान्यथारू परिवारमा जन्मएका थारूले आइयतहसम्मको औपचारिक अध्यन पुरा गर्नुभएको छ।,0.615,0.385,0.0963855421686747,0.9036144578313253
D:\Programming\Projects\major_project\Codes\ASR\data\audio\dac8bb7f06.flac,नेपाल मेडिकल कलेज काठमाडौँको जोरपाटीस्थित आत्तरीखेलमा अवस्थित एक शिक्षण अस्पताल हो।,नेपाल मेडिकल कलेज काठमाडौँको जोरपाटीस्थित आतरिखेलमा अवस्थित एक शिक्षण अस्पताल हो।,0.091,0.909,0.03614457831325301,0.963855421686747
D:\Programming\Projects\major_project\Codes\ASR\data\audio\8e08a6a451.flac,शशीज्यू नमस्कार प्रश्न राख्दा चौतारी वा सिधै प्रबन्धकको वार्ता पृष्ठमा राख्नु होला।,ससी जु नमास्कार प्रशुराग्दा चौतारी वा सिदै ब्रबन्धको वार्तापृष्ठमा राख्नु होला।,0.667,0.33299999999999996,0.18072289156626506,0.8192771084337349
D:\Programming\Projects\major_project\Codes\ASR\data\audio\29e280de95.flac,स्रष्टा समाजको नेतृत्व गरेका श्रृजन लम्साल त्यसअघि भेरी साहित्य समाजमै सङ्गठित थिए।,श्रष्ठा समाजको नेतृत्व गरेका श्रीजनलमसाल त्यस अघि भेरी साहित्य समाजमै संगठित थिए।,0.417,0.583,0.0963855421686747,0.9036144578313253
D:\Programming\Projects\major_project\Codes\ASR\data\audio\fdd2916c30.flac,कश्यप नेपाल भारत तथा अन्य स्थानहरूमा बसोबास गर्ने हिन्दू धर्मावलम्बीहरूको गोत्र हो।,ककष नेपाल भारत तथा अन्य स्थानहरूमा बसोबास गणी हिन्दू धर्मावलम्बीहरूको गोत्र हो।,0.167,0.833,0.0963855421686747,0.9036144578313253
D:\Programming\Projects\major_project\Codes\ASR\data\audio\8145c0f03d.flac,हजुरले सम्पाटन गरी परिवर्तन गरी दिएको पृष्ठ पीपलकोट दैलेख मेरै हातबाट बिग्रिएको छ।,हजुरले सम्पाटन गरी परिवर्तनगरी दिएको पृष्ठ पिपलकोट दैलेख मेरैहातबाट बिक्रिएको छ,0.538,0.46199999999999997,0.06097560975609756,0.9390243902439024
D:\Programming\Projects\major_project\Codes\ASR\data\audio\cca3a10a56.flac,यसका लागि स्वास्थ्य तथा जनसङ्ख्या मन्त्रालयले सङ्घलाई स्वीकृतिसमेत प्रदान गरेको छ।,यसका लागि स्वास्थ्य तथा जनसङ्ख्यामन्त्रालयले सङ्घलाई स्वीकृति समेयत प्रदान गरेको छ,0.455,0.5449999999999999,0.04878048780487805,0.9512195121951219
D:\Programming\Projects\major_project\Codes\ASR\data\audio\ac336656b6.flac,कागलाई यो कुरा थाह नभएका कारण आफ्नो फुलसँगै कोइलीको फुललाई पनि ओथारो बसेर तताउँछ।,कागलायो कुराथाह नभएका कारण आफ्नोलसँगै कोहलीको फुल्ला पनि ओथारो बसेर तताउँछ।,0.571,0.42900000000000005,0.1111111111111111,0.8888888888888888
D:\Programming\Projects\major_project\Codes\ASR\data\audio\ea40704786.flac,कृष्णलाई नागले डसेको कुरा थाहा पाएर नन्द बलराम लगायत सबै ब्रजबासीहरू यमुनामा गए।,कृष्णलाई नागले दशिएको कुरा ठा भाएरनन्ड बलर लगायटसबै व्रझज बासीहरू एउनामा गए।,0.692,0.30800000000000005,0.25,0.75
D:\Programming\Projects\major_project\Codes\ASR\data\audio\d6f0947c49.flac,नेपालमा प्रायजसो खानेकुराहरूको पौष्टिक तत्त्व परिमाण तल जानकारीको लागि दिइएको छ।,नेपालमा प्रायजसो खानेकुराहरूको पष्टिकतत्त्व परिमाण तल जानकारीको लागि दिएको छ।,0.273,0.727,0.0375,0.9625
D:\Programming\Projects\major_project\Codes\ASR\data\audio\8c535e29c9.flac,त्यस्तै पश्चिम भारतको गुजरात प्रान्तको गिरनारक्षेत्रलाई यिनको सिद्धपीठ मानिन्छ।,त्यस्तै पश्चिम भारतको गुजरात प्रान्तको गिरानार क्षेत्रलाई यिनकोसितपिठ मानिन्छ।,0.333,0.667,0.08860759493670886,0.9113924050632911
D:\Programming\Projects\major_project\Codes\ASR\data\audio\eac748e1da.flac,शुक्रबार व्रतविधि व्रत विवाह सन्तति आदि भौतिक सुख समृद्धिको लागि राख्ने गरिन्छ।,शुक्रबार वर्तविधि व्रतविवाहसन्तति आधि भौतिक शुख समृद्धिको लागि राख्ने गरिन्छ।,0.5,0.5,0.0759493670886076,0.9240506329113924
D:\Programming\Projects\major_project\Codes\ASR\data\audio\0b34535ca9.flac,अयान इनकलेन्ट म्यान लेखक तथा उपन्यासकार म्याक्सिम गोर्कीद्वारा लिखित लघुकथा हो।,अयान इन्कलेन्ट म्यान लेखक तथा उपन्यासकार म्याक्सिम गोर्कीद्वारा लिखित दगोकोता हो।,0.182,0.8180000000000001,0.0759493670886076,0.9240506329113924
D:\Programming\Projects\major_project\Codes\ASR\data\audio\62f621c7b2.flac,त्रेता युगमा यसै दिन श्रीरामले सीताको हरण गर्ने रावणको बध गरेको प्रसङ्ग आउँछ।,्रेतायुगमा यसैदिन श्रीरामले सिताकोहरण गर्ने रावनको वदगरेको प्रसङ्ग आउँछ,0.769,0.23099999999999998,0.12987012987012986,0.8701298701298701
D:\Programming\Projects\major_project\Codes\ASR\data\audio\20010ae21a.flac,गोल्लुम जन्म स्मीगोल नामको एक वहिष्कृत हबिटको हातमा एकपल्ट त्यो एक औँठी पर्छ।,गोल्लुम जन्म स्मिगोल नामको एगवहिस्कृत हविटको हातमा एकपल्टत्यो एक औँठिपर्छ,0.615,0.385,0.11688311688311688,0.8831168831168831
D:\Programming\Projects\major_project\Codes\ASR\data\audio\485b24a7cc.flac,चरेस एक नसा भएको हुनाले नसेडीहरूले चुरोट बिडी जस्ता धुम्रपानसँग लिने गर्छन्।,चरेस एकनसा भएको उुनालेनसेडीहरूले चुरोठपुनी यस्ता धम्मोपानसँग लिने गर्छन्,0.75,0.25,0.17105263157894737,0.8289473684210527
D:\Programming\Projects\major_project\Codes\ASR\data\audio\4d87645dc3.flac,आर्यावर्तले देवनागरी अक्षरलाई अङ्कको रूपमा प्रयोग गर्ने प्रचलन ल्याएका थिए।,आर्याप्रतले देवनागरी अक्षरलाई अङ्कोको रूपमा प्रयोग गर्ने प्रचलन ल्याएका थिए।,0.2,0.8,0.05333333333333334,0.9466666666666667
D:\Programming\Projects\major_project\Codes\ASR\data\audio\a42fcc03a0.flac,यशोदालगाएत सबै गोपहरूले पुतनाको मृत शरीरबाट श्रीकृष्णलाई उठाएर माया गरे।,यसोदा लगायतका सबै गोपहरूले पतनाको मृत्त शरीरबाट श्रीकृष्णलाई उठाएरमाया गरे।,0.6,0.4,0.125,0.875
D:\Programming\Projects\major_project\Codes\ASR\data\audio\8830037308.flac,भन्ने बारेमा धेरै प्रकारका अनेकौं मान्छेहरूका आफ्नो आफ्नो विचारहरू छन्।,भन्नेबारेमा धेरै प्रकारका अनेकौ मान्ेहरूका आफ्नो आफ्नो विचारहरू छन्।,0.4,0.6,0.04225352112676056,0.9577464788732395
D:\Programming\Projects\major_project\Codes\ASR\data\audio\f1e5f6ed72.flac,दनुवार भाषाको पौडाइबाट अपभ्रंश भएर पौराही नाम रहन गएको भन्ने विश्वास छ।,दनुवार भाषाको पौराइबाट अपभ्रं्श भएर पौराहीनाम रहन गएको भन्य विश्वास छ,0.5,0.5,0.08450704225352113,0.9154929577464789
D:\Programming\Projects\major_project\Codes\ASR\data\audio\88a8901bf8.flac,त्यसै करन खोलाको नामबाट नै यो नदीको नाम कर्णाली नदी रहन गएको अनुमान छ।,त्यसैकरण खोलाको नामबाट नयो नदीको नामकर्णाली नदी रहन गएको अनुमान छ।,0.429,0.571,0.07142857142857142,0.9285714285714286
D:\Programming\Projects\major_project\Codes\ASR\data\audio\731fba5836.flac,यस मिनार सुफी सन्त कुतुबुद्दीन बख्तियार काकीको स्मृतिमा बनाइएको थियो।,यस मिनारसुफी सन्त कुतुबुद्धिम वक्तियार काकीको स्मृतिमा बनाइएको थियो,0.5,0.5,0.10144927536231885,0.8985507246376812
D:\Programming\Projects\major_project\Codes\ASR\data\audio\b1add4aff7.flac,ककनीबाट देखिने सूर्योदय र सूर्यास्तको मनमोहक क्षण सम्झन लायक हुन्छ।,ककनीबाट देखिने सूर्यदय र सूर्यास्तको मन्मोहक्षण सम्झिन लायक हुन्छ।,0.4,0.6,0.07462686567164178,0.9253731343283582
D:\Programming\Projects\major_project\Codes\ASR\data\audio\bb27c211a2.flac,कञ्चनजङ्घा संसारको तेस्रो उच्च शिखर पनि यहि हिमाली क्षेत्रमै पर्दछ।,कन्चन्जङ्गा संसारको तेस्र उच्च सिगर पनि यही हिमाली क्षेत्र मै पर्दछ।,0.6,0.4,0.11940298507462686,0.8805970149253731
D:\Programming\Projects\major_project\Codes\ASR\data\audio\3a2ec774af.flac,फारसी सम्प्रदायका मानिसहरू लासलाई एउटा कुनै अग्लो स्थानमा राख्छन्।,फारसी सम्प्रदायका मानिसहरू लासलाई एउटा कुनै अग्लोस्थानमा राख्छन्,0.333,0.667,0.030303030303030304,0.9696969696969697
D:\Programming\Projects\major_project\Codes\ASR\data\audio\8b04b55b96.flac,पहिलेका सिद्धेश्वर र भिमान दुई गाविस समेटेर यो नगरपालिका बनेको हो।,पहिलेका सिद्धेश्वर र भिमान दुई गाविस समेते र यो नगरपालिका बनेको हो।,0.182,0.8180000000000001,0.030303030303030304,0.9696969696969697
D:\Programming\Projects\major_project\Codes\ASR\data\audio\4f01be9ab6.flac,यो विधि कुनै एजेन्टको रगतमा रिलेटिभ सोलुबिलिटीसँग सम्बन्धित छ।,योविधि कुनै एजेन्डको रगतमा रिलेटिप सोलुबिलिटीसँग सम्बन्धित छ।,0.444,0.556,0.04838709677419355,0.9516129032258065
D:\Programming\Projects\major_project\Codes\ASR\data\audio\b1f155f8e0.flac,क्यानभासका तरङ्गहरू ज्ञानेन्द्र विवशद्वारा लेखिएको कृति हो।,स्टक्यानबासका तरङ्गहरू ग्ानेन्द्र विवसद्वारा लेखिएको कृति हो।,0.429,0.571,0.11864406779661017,0.8813559322033898
D:\Programming\Projects\major_project\Codes\ASR\data\audio\2ff41ee97e.flac,इम्फाल पश्चिम जिल्ला भारतीय राज्य मणिपुरको एउटा जिल्ला हो।,युम स्वाल पस्चिम जिल्ला भारतीय राज्य मणिपुरको एउटा जिल्ला हो,0.444,0.556,0.1206896551724138,0.8793103448275862
D:\Programming\Projects\major_project\Codes\ASR\data\audio\954bd0d748.flac,एलिसिया किज एक अमेरिकी गायिका गीतकार तथा अभिनेत्री हुन्।,एलिसिया कीज एक अमेरिकी गायिका गीतकार तथा अभिनेत्री हुन्,0.222,0.778,0.03571428571428571,0.9642857142857143
D:\Programming\Projects\major_project\Codes\ASR\data\audio\2b78f014b4.flac,उनी पाण्डुपुत्र अर्थात पाँच पावण्डका एक भाइ पनि हुन्।,उनै पाण्डुपुत्र अर्थात्पाँचपाण्डका एकवाइ पनि हुन्,0.778,0.22199999999999998,0.1320754716981132,0.8679245283018868
D:\Programming\Projects\major_project\Codes\ASR\data\audio\1d14b2d905.flac,एडमार्क कलेज काठमाडौँ जिल्लामा रहेको एक क्याम्पस हो।,एडमार कलेज काठमाडौँ जिल्लामा रहेको एक क्याम्पहो,0.375,0.625,0.09615384615384616,0.9038461538461539
D:\Programming\Projects\major_project\Codes\ASR\data\audio\5f67c29a13.flac,उनको पहिलो पोस्टिङ बतौर ड्राइवर पन्जाबमा भयो।,उनको पहिलो पोस्टिङ बतौड्राइबर पन्जाबमा भयो,0.429,0.571,0.08888888888888889,0.9111111111111111
D:\Programming\Projects\major_project\Codes\ASR\data\audio\4ae8ca1fdc.flac,साथै गहिरो पोखरी र पर्खाल पनि बनाइन्थ्यो।,साथै गहिरोबपोखरी र प्रखाल पनि बनाइन्थ्यो,0.571,0.42900000000000005,0.0975609756097561,0.9024390243902439
D:\Programming\Projects\major_project\Codes\ASR\data\audio\9022eb5f30.flac,इलेक्ट्रनिक कम्प्युटरहरूका सहायताबाट,इलेक्ट्रोनिक कम्पयुटरहरूका साहयाताबाट,1.0,0.0,0.1388888888888889,0.8611111111111112
D:\Programming\Projects\major_project\Codes\ASR\data\audio\0f353aadb1.flac,पर्यावलोकन गोविन्दराज भट्टराईद्वारा,पर्यावलोकन गोबिन्द् रााज भट्टराई द्वारा,1.333,-0.33299999999999996,0.14285714285714285,0.8571428571428572
D:\Programming\Projects\major_project\Codes\ASR\data\audio\be52cd031d.flac,लिच्छविकालिन अभिलेखहरूमा गैरसंस्कृत,लिच्छविकालीन अभिलेखहरूमा गैरसंस्कृत,0.333,0.667,0.02857142857142857,0.9714285714285714
D:\Programming\Projects\major_project\Codes\ASR\data\audio\3d3035d6ac.flac,क्रिस्टलद्वारा बिजुलीका किरणहरूले,क्रिस्टलद्वारा बिजुलीका किररणहरूले,0.333,0.667,0.030303030303030304,0.9696969696969697
D:\Programming\Projects\major_project\Codes\ASR\data\audio\439b66de4b.flac,ग्याम्बिटको भूमिका खेल्नको लागि,ग्याम्बिडको भूमिका खेल्नको लागि,0.25,0.75,0.03225806451612903,0.967741935483871
D:\Programming\Projects\major_project\Codes\ASR\data\audio\cdb33107e6.flac,दिव्यधाम देवघाटधामको पारीपट्टि,गवाङदिव्यादाम देवघाड दामको पारिपट्टी,1.333,-0.33299999999999996,0.36666666666666664,0.6333333333333333
D:\Programming\Projects\major_project\Codes\ASR\data\audio\6d8918994c.flac,मिसिएर उपत्यकाबाहिर निस्कन्छन्,मिसिएर उपत्यका बाहिर निष्कन्छन्,1.0,0.0,0.06666666666666667,0.9333333333333333
D:\Programming\Projects\major_project\Codes\ASR\data\audio\4fd066b897.flac,कटिबद्धता जिल्लावासीसँगको निकट,वाव्यसववप्रतिबद्धता जिल्लावासीसँगको निकट,0.333,0.667,0.4,0.6
D:\Programming\Projects\major_project\Codes\ASR\data\audio\5dec31e80f.flac,विधाञ्जन विधामिश्रण विधान्तरण,विध्ान्छनविधामिश्रण विधान्तरण,0.667,0.33299999999999996,0.13793103448275862,0.8620689655172413
D:\Programming\Projects\major_project\Codes\ASR\data\audio\ac3043c286.flac,अस्ट्रेलियाका मूल निवासीहरूका,अस्ट्रेलियाका मूल निवासीहरूका,0.0,1.0,0.0,1.0
D:\Programming\Projects\major_project\Codes\ASR\data\audio\a154950aa4.flac,ब्ल्याकथ्रोटेड एसेन्टर भनिन्छ,ब्ल्याक्थ्रोटेड इसेन्टर भनिन्छ,0.667,0.33299999999999996,0.06896551724137931,0.9310344827586207
D:\Programming\Projects\major_project\Codes\ASR\data\audio\56d223a6b1.flac,सरकारहरूको अधीन अस्ट्रेलियाको,सरकारहरूको अधिन अस्ट्रेलियाको,0.333,0.667,0.034482758620689655,0.9655172413793104
D:\Programming\Projects\major_project\Codes\ASR\data\audio\e116730392.flac,अल्मोदोबारको रुचि प्रयोगात्मक,अल्मोदोबारको रुचि प्रयोगात्मक,0.0,1.0,0.0,1.0
D:\Programming\Projects\major_project\Codes\ASR\data\audio\8f2869a449.flac,माप्चोचोङ्गो नामको हिमनदीबाट,माप्चोचङ्गो नामको हिम्नजिबाट,0.667,0.33299999999999996,0.14285714285714285,0.8571428571428572
D:\Programming\Projects\major_project\Codes\ASR\data\audio\daa664a1ab.flac,ऐतिहासिकता धार्मिक मान्यताका,ऐतिहासिकता धार्मिक मान्यताका,0.0,1.0,0.0,1.0
D:\Programming\Projects\major_project\Codes\ASR\data\audio\696a83dcca.flac,प्रयोगकर्ताहरूले बिना जिल्ला,प्रयोगकर्ताहरूले बिनाजिल्ला,0.667,0.33299999999999996,0.03571428571428571,0.9642857142857143
D:\Programming\Projects\major_project\Codes\ASR\data\audio\b99b7d7b7e.flac,लेजिस्लेटिव काउन्सिलका लागि,लेजिस्लेटिभ काउन्सेलका लागि,0.667,0.33299999999999996,0.07407407407407407,0.9259259259259259
D:\Programming\Projects\major_project\Codes\ASR\data\audio\a4d5f20c03.flac,गोरखापत्र नेपाल शेर्पा सङ्घ,गोरखापत्र नेपाल शेर्पास स्वं,0.5,0.5,0.14814814814814814,0.8518518518518519
D:\Programming\Projects\major_project\Codes\ASR\data\audio\a47e53a8da.flac,नै पार्टीलाई समानुपातिकतर्फ,नै पार्टीलाई समानुपातिकतर्फ,0.0,1.0,0.0,1.0
D:\Programming\Projects\major_project\Codes\ASR\data\audio\7f1b8d44b9.flac,चन्दरबरदाइको रचना पृथ्वीराज,चन्दरबरदायको रचना पृथ्वीराज,0.333,0.667,0.037037037037037035,0.962962962962963
D:\Programming\Projects\major_project\Codes\ASR\data\audio\104e633fce.flac,सङ्गमलाई दुर्गातीर्थ भनिन्छ,सङ्गमलाई दूर्गातीर्थ बनिन्छ,0.667,0.33299999999999996,0.07407407407407407,0.9259259259259259
D:\Programming\Projects\major_project\Codes\ASR\data\audio\40321855a4.flac,प्रकाशनले बजारमा ल्याएको हो,प्रकाशनले ब्रजारमा ल्याएको हो,0.25,0.75,0.07407407407407407,0.9259259259259259
D:\Programming\Projects\major_project\Codes\ASR\data\audio\2736e26f84.flac,सिङ्गमर्मरको अग्लो सुसज्जित,सिङ्ग मर्मरको अग्लो सुसज्जित,0.667,0.33299999999999996,0.037037037037037035,0.962962962962963
D:\Programming\Projects\major_project\Codes\ASR\data\audio\2d567fa267.flac,नरहरिनाथले गोरखामा स्थानीय,नरहरिनाले गोर्खामा स्थानीय,0.667,0.33299999999999996,0.07692307692307693,0.9230769230769231
D:\Programming\Projects\major_project\Codes\ASR\data\audio\8f7d2b76f6.flac,पेपरोनी पेपेरोनीको अपभ्रंश,पेपरोनी पेपेरोनीको अपब्रंश,0.333,0.667,0.038461538461538464,0.9615384615384616
D:\Programming\Projects\major_project\Codes\ASR\data\audio\b5b4d2bfe2.flac,मूल्य प्रणाली र उत्तरोत्तर,मूल्य प्रणाली र उत्तरोत्तर,0.0,1.0,0.0,1.0
D:\Programming\Projects\major_project\Codes\ASR\data\audio\fdf1df9984.flac,ईश्वर केवल श्रुतिप्रमाणबाट,ईश्वर केवलस सुति प्रमाणबाट,1.0,0.0,0.19230769230769232,0.8076923076923077
D:\Programming\Projects\major_project\Codes\ASR\data\audio\52f3f0f8f9.flac,अनुवादित माफाल्दाको पुस्तक,अनुपाधित प्रफालताको पुस्तक,0.667,0.33299999999999996,0.2692307692307692,0.7307692307692308
D:\Programming\Projects\major_project\Codes\ASR\data\audio\db2183611b.flac,इन्भेस्टिगेसनद्वारा जाँचको,इन्भेष्टी गेसनद्वारा जाँचको,1.0,0.0,0.11538461538461539,0.8846153846153846
D:\Programming\Projects\major_project\Codes\ASR\data\audio\e284797530.flac,रुबन्धका मुख्य अभिलक्षणहरू,रूबन्दाका मुख्य अभिलक्षणहरू,0.333,0.667,0.11538461538461539,0.8846153846153846
D:\Programming\Projects\major_project\Codes\ASR\data\audio\973f2131d4.flac,मा चुसानमा लडाईँँको सामना,महा चुसानमा लडाइको सामाना,0.75,0.25,0.2,0.8
D:\Programming\Projects\major_project\Codes\ASR\data\audio\8660b492f9.flac,चौतारीया पुष्कर शाहलार्इ,चौतारिया पुस्कर शहलाई,1.0,0.0,0.25,0.75
D:\Programming\Projects\major_project\Codes\ASR\data\audio\ef0908c933.flac,पत्रकका केन्द्रमा रत्नित,पत्रकका केन्द्रमा रतनीत,0.333,0.667,0.08333333333333333,0.9166666666666666
D:\Programming\Projects\major_project\Codes\ASR\data\audio\00157312d0.flac,गुणकामदेवले पुरानो लायकु,गुणकान्देवले पुरानो लायको,0.667,0.33299999999999996,0.125,0.875
D:\Programming\Projects\major_project\Codes\ASR\data\audio\8e2f437ad9.flac,बचाउ विधि पैसिफिकरद्वारा,बचाउविधि पैसिफिकरद्वारा,0.667,0.33299999999999996,0.041666666666666664,0.9583333333333334
D:\Programming\Projects\major_project\Codes\ASR\data\audio\20bd7a8caa.flac,सम्पत्तिको स्वामित्व वा,अहविस्थारभण तभै सम्पत्तिको समित वा,1.0,0.0,0.9130434782608695,0.08695652173913049
D:\Programming\Projects\major_project\Codes\ASR\data\audio\472caeddea.flac,यसमा जाभास्क्रिप्टहरूको,यसमा जाबास्कृप्टहरूको,0.5,0.5,0.17391304347826086,0.8260869565217391
D:\Programming\Projects\major_project\Codes\ASR\data\audio\7081e39891.flac,इन्दिवरजी माफ गर्नुहोला,न्दिवर्सीि माकपाराडोला,1.0,0.0,0.4782608695652174,0.5217391304347826
D:\Programming\Projects\major_project\Codes\ASR\data\audio\4d61fbff63.flac,यस कार्बन माइक्रोफोनलाई,यस कार हुन माइक्रोफ ोन्नलाई,1.333,-0.33299999999999996,0.2608695652173913,0.7391304347826086
D:\Programming\Projects\major_project\Codes\ASR\data\audio\ab103a3595.flac,साधारणतया वर्गमूल गर्ने,साधारण तय वर्गमुल गर्ने,1.0,0.0,0.13043478260869565,0.8695652173913043
D:\Programming\Projects\major_project\Codes\ASR\data\audio\0cb2d7a38c.flac,व्यक्तिले चिउरीको बोटको,व्यक्तिले छ्उरी कोपोठको,0.667,0.33299999999999996,0.2608695652173913,0.7391304347826086
D:\Programming\Projects\major_project\Codes\ASR\data\audio\ef8fad82cd.flac,हिन्दु परम्परामा मृतकको,हिन्दू परम्परामा मृत्तकको,0.667,0.33299999999999996,0.13043478260869565,0.8695652173913043
D:\Programming\Projects\major_project\Codes\ASR\data\audio\7802606737.flac,परशुरामका अतिरिक्त कोही,वरशुरामका अतिरिक्त कोही,0.333,0.667,0.043478260869565216,0.9565217391304348
D:\Programming\Projects\major_project\Codes\ASR\data\audio\1e001c6319.flac,सिरहको रामनगर मिर्चैया,शिरहको रामनगर मिर्सै्या,0.667,0.33299999999999996,0.13636363636363635,0.8636363636363636
D:\Programming\Projects\major_project\Codes\ASR\data\audio\deb3d9107d.flac,लागि आत्मसमर्पण गर्नमा,लागि आत्मो समर्पणक गर्नमा,0.667,0.33299999999999996,0.13636363636363635,0.8636363636363636
D:\Programming\Projects\major_project\Codes\ASR\data\audio\b3853c9f86.flac,आदिलिङ्ग कुशेश्वर भएको,आदिलिङ्ग कुशेस्त्वर भएको,0.333,0.667,0.13636363636363635,0.8636363636363636
D:\Programming\Projects\major_project\Codes\ASR\data\audio\4742f8661b.flac,रत्ननगर सौराहा लगायतका,रत्ननगर साउराहलगायतका,0.667,0.33299999999999996,0.18181818181818182,0.8181818181818181
D:\Programming\Projects\major_project\Codes\ASR\data\audio\a6800b1b27.flac,परेका हिमशिखरहरू जस्तै,परेका हिमशिखरहरू जस्तैपरेका हिम यो शिखरहरूजस्तै,1.333,-0.33299999999999996,1.1363636363636365,-0.13636363636363646
D:\Programming\Projects\major_project\Codes\ASR\data\audio\6e6cb30403.flac,विश्वमै दुर्लभ मानिएको,विश्वमै दुर्लभ मानिएको,0.0,1.0,0.0,1.0
D:\Programming\Projects\major_project\Codes\ASR\data\audio\a171c9978f.flac,भूमध्यसागरीय मन्च जसमा,गभूमध्यसागरीय मन्चजसमा,1.0,0.0,0.09090909090909091,0.9090909090909091
D:\Programming\Projects\major_project\Codes\ASR\data\audio\1f433c62d3.flac,शक्तिखोर उपरदाङ्गा गढी,सकतिखवर उपरदाङ्गा गढी,0.333,0.667,0.13636363636363635,0.8636363636363636
D:\Programming\Projects\major_project\Codes\ASR\data\audio\fbcb6cd658.flac,ग्रान्ड स्लेमका रूपमा,ग्रेाम्सल्यामका रूपमा,0.667,0.33299999999999996,0.3333333333333333,0.6666666666666667
D:\Programming\Projects\major_project\Codes\ASR\data\audio\4e9ca37d16.flac,विशेष पर्वहरूको समयमा,विशेष पर्वतहरूमा समयमा,0.333,0.667,0.14285714285714285,0.8571428571428572
D:\Programming\Projects\major_project\Codes\ASR\data\audio\9805f0dab3.flac,भारत एएसइएएन देशहरूको,भारत एएसइएएन डेशहरूको,0.333,0.667,0.047619047619047616,0.9523809523809523
D:\Programming\Projects\major_project\Codes\ASR\data\audio\f1ecfecb10.flac,विशाखापट्नममा अवस्थित,विशाखापटनमा अवस्थित,0.5,0.5,0.09523809523809523,0.9047619047619048
D:\Programming\Projects\major_project\Codes\ASR\data\audio\e93975ca68.flac,जेडब्लू इक्लिप्स जन्म,क्छेडब्लु एक्लिप्स जन्म,0.667,0.33299999999999996,0.23809523809523808,0.7619047619047619
D:\Programming\Projects\major_project\Codes\ASR\data\audio\9b4df556c4.flac,पदार्थ भन्नाले समस्त,पदार्थ भन्नाले समस्त,0.0,1.0,0.0,1.0
D:\Programming\Projects\major_project\Codes\ASR\data\audio\81b6eef4c5.flac,छुटेका यादहरू वियोगी,छुटेका यादहरू बियोगी,0.333,0.667,0.05,0.95
D:\Programming\Projects\major_project\Codes\ASR\data\audio\71066a4976.flac,धेरै गोम्पाहरूमा आगो,धेरै गोम्पाहरूमा आगो,0.0,1.0,0.0,1.0
D:\Programming\Projects\major_project\Codes\ASR\data\audio\1935c9bfbc.flac,घरलाई पाठशाला जस्तै,घरलाई पार्ढसाला जस्तै,0.333,0.667,0.21052631578947367,0.7894736842105263
D:\Programming\Projects\major_project\Codes\ASR\data\audio\d1473e8dec.flac,उहिले मौलोको मुखिया,उहिले मौललोको मुखिया,0.333,0.667,0.05263157894736842,0.9473684210526316
D:\Programming\Projects\major_project\Codes\ASR\data\audio\2c0ecacfe4.flac,एआयोएफको नाम दिइएको,एआयोएफको नाम्दिएको,0.667,0.33299999999999996,0.10526315789473684,0.8947368421052632
D:\Programming\Projects\major_project\Codes\ASR\data\audio\bab9b0cbba.flac,पटिगनमा पम्पकिन रिज,प्रट्टिगनमा पउँकिन् रिच,1.0,0.0,0.47368421052631576,0.5263157894736843
D:\Programming\Projects\major_project\Codes\ASR\data\audio\ad2a3b743c.flac,पूर्व कमेङ्ग जिल्ला,पूर्व कमिङ जिल्लापुर्र्व कमिङ जिल्ला,1.0,0.0,1.0,0.0
D:\Programming\Projects\major_project\Codes\ASR\data\audio\974811e58c.flac,मृगौलाले आफ्ना लाखौ,म्ृघाउलाले आफ्ना लाखौँ,0.667,0.33299999999999996,0.2631578947368421,0.736842105263158
D:\Programming\Projects\major_project\Codes\ASR\data\audio\882142c2b8.flac,थङ वंशजका राज्यशासन,थङ् वन्सजका राज्जशासन,1.0,0.0,0.2631578947368421,0.736842105263158
D:\Programming\Projects\major_project\Codes\ASR\data\audio\9bd141d056.flac,हुम्लाको मूल अड्डा,उम्लाको मूलअड्डा,1.0,0.0,0.16666666666666666,0.8333333333333334
D:\Programming\Projects\major_project\Codes\ASR\data\audio\9caf618ad3.flac,पेदाङ नेपालको मेची,दुई भादी विक्रम सम्बन्धत जनसनयाकनिमबरदुलीप्रेड्याङ नेपालको मेछि,2.0,-1.0,2.6666666666666665,-1.6666666666666665
D:\Programming\Projects\major_project\Codes\ASR\data\audio\d28deba35d.flac,टङ्गाल गहनापोखरीको,टङ्गाल गहनापोखरीको,0.0,1.0,0.0,1.0
D:\Programming\Projects\major_project\Codes\ASR\data\audio\d2f5f444a4.flac,माउन्टेन्स स्किममा,माउन्टेन्सन्स स्किममा,0.5,0.5,0.16666666666666666,0.8333333333333334
D:\Programming\Projects\major_project\Codes\ASR\data\audio\d44c336e47.flac,उपयोग गरिने बाक्लो,उपयोग गरिने बाक्लो,0.0,1.0,0.0,1.0
D:\Programming\Projects\major_project\Codes\ASR\data\audio\b235e86254.flac,अवस्था खुलाउनुहोला,अवस्था खुलाउनुहोला,0.0,1.0,0.0,1.0
D:\Programming\Projects\major_project\Codes\ASR\data\audio\46a58ca3cf.flac,हिजोआज हराइसकेको छ,इराज हराइसकेको छ,0.333,0.667,0.2777777777777778,0.7222222222222222
D:\Programming\Projects\major_project\Codes\ASR\data\audio\639c2e5054.flac,मार्सी भित्र्याएको,मार्सी भित्र याहेको,1.0,0.0,0.16666666666666666,0.8333333333333334
D:\Programming\Projects\major_project\Codes\ASR\data\audio\4e5b56eee9.flac,जमदग्नि मुनिले भने,जमदगनी मुनिले भने,0.333,0.667,0.1111111111111111,0.8888888888888888
D:\Programming\Projects\major_project\Codes\ASR\data\audio\f74ff4068c.flac,हाम्रो समाजमा धेरै,हाम्रो समाजमा धेरै हाम्रो समाजमा धेरै,1.0,0.0,1.0555555555555556,-0.05555555555555558
D:\Programming\Projects\major_project\Codes\ASR\data\audio\db871f5c9e.flac,हो र यसले बाँध्नु,हभु रयसले बाँध्नीु,1.0,0.0,0.23529411764705882,0.7647058823529411
D:\Programming\Projects\major_project\Codes\ASR\data\audio\322d165fd7.flac,का महासचिव माउरीस,का महास्चिव माौरिस,0.667,0.33299999999999996,0.17647058823529413,0.8235294117647058
D:\Programming\Projects\major_project\Codes\ASR\data\audio\1a72b2d251.flac,सबैभन्दा लामो पुल,सबैभन्दा लाह्मो पुल,0.333,0.667,0.11764705882352941,0.8823529411764706
D:\Programming\Projects\major_project\Codes\ASR\data\audio\fba400b995.flac,नचलाकोट भनी कार्य,नचलाहकोट भनि कार्य,0.667,0.33299999999999996,0.11764705882352941,0.8823529411764706
D:\Programming\Projects\major_project\Codes\ASR\data\audio\63f6f88957.flac,पूर्णरूपमा चुनावी,पूर्णरूपमा चुनावी,0.0,1.0,0.0,1.0
D:\Programming\Projects\major_project\Codes\ASR\data\audio\556aa38104.flac,गरवाना एक तुर्की,गरबाना एक तुर्की,0.333,0.667,0.0625,0.9375
D:\Programming\Projects\major_project\Codes\ASR\data\audio\455b28f574.flac,सुकेका फलहरू आउँ,सुकेका फलहरू आउँ,0.0,1.0,0.0,1.0
D:\Programming\Projects\major_project\Codes\ASR\data\audio\d24a236d09.flac,चेला भन्छ गुरुजी,ललातपतारत्भवहक्षक्छ्तिजचेला भन्छ गुरुजी,0.333,0.667,1.4375,-0.4375
D:\Programming\Projects\major_project\Codes\ASR\data\audio\5eb4483b0b.flac,लेख्नु भएको छ रे,अरप्रलेख्नुभएको छरै,1.0,0.0,0.5,0.5
D:\Programming\Projects\major_project\Codes\ASR\data\audio\6ab29a5548.flac,होइन महाराज भेडो,भइन महाराज भेडो,0.333,0.667,0.125,0.875
D:\Programming\Projects\major_project\Codes\ASR\data\audio\7d3c493cc9.flac,प्रबन्धक भएर पनि,प्रोबन्धक भएर पनि,0.333,0.667,0.0625,0.9375
D:\Programming\Projects\major_project\Codes\ASR\data\audio\a6ec548d21.flac,उनका पिता पण्डित,उनकापितापन्नेतउई,1.0,0.0,0.4375,0.5625
D:\Programming\Projects\major_project\Codes\ASR\data\audio\e340c1ccb2.flac,जति गरे ट्रेनमा,्ज्ति गरे ट्रेनमा,0.333,0.667,0.13333333333333333,0.8666666666666667
D:\Programming\Projects\major_project\Codes\ASR\data\audio\cd67e9f5c2.flac,पहेनहारा एक सहर,पहेनहारा एक सहर,0.0,1.0,0.0,1.0
D:\Programming\Projects\major_project\Codes\ASR\data\audio\ddda15fe84.flac,गहन परामर्श पछि,गहन परामर्षपछि भेरेकोर ट्रपुन,1.0,0.0,1.1333333333333333,-0.1333333333333333
D:\Programming\Projects\major_project\Codes\ASR\data\audio\7ad703faf6.flac,हुत्याएको छ कि,भ्धखेलाहुत्याएको छकी,1.0,0.0,0.6428571428571429,0.3571428571428571
D:\Programming\Projects\major_project\Codes\ASR\data\audio\bd0d0dfe9b.flac,पनि जन्म दिन्छ,पनि जन्मदिन्छ,0.667,0.33299999999999996,0.07142857142857142,0.9285714285714286
D:\Programming\Projects\major_project\Codes\ASR\data\audio\4f05e9d65c.flac,लगभग समान थियो,लगभग समान थियो,0.0,1.0,0.0,1.0
D:\Programming\Projects\major_project\Codes\ASR\data\audio\04d173f533.flac,बाँडिएको थियो,बाँडिएको थियो,0.0,1.0,0.0,1.0
D:\Programming\Projects\major_project\Codes\ASR\data\audio\d24fadba4c.flac,ठ्याक लगाउँदा,ठ्याक लगाउँदा,0.0,1.0,0.0,1.0
D:\Programming\Projects\major_project\Codes\ASR\data\audio\7229ad8e45.flac,सम्बन्धित भयो,सम्बन्धित भयो,0.0,1.0,0.0,1.0
D:\Programming\Projects\major_project\Codes\ASR\data\audio\b50576f944.flac,राम घर जान्छ,रसराम घराजान्छ,1.0,0.0,0.25,0.75
D:\Programming\Projects\major_project\Codes\ASR\data\audio\b38eb9c0be.flac,रेकर्ड जिते,रेकर्ट जितरे,1.0,0.0,0.18181818181818182,0.8181818181818181
D:\Programming\Projects\major_project\Codes\ASR\data\audio\babf1eaccf.flac,नौ सय मिटर,नौ्सय मि्टरन्योक्सयम मिहिस्टर,1.0,0.0,1.9,-0.8999999999999999
