filename,text,total
771052112d,मेरो गौरव,9
a09e3edfad,यसको कारण,9
62831e9830,आफ्नै नाम,9
fb3c99f532,लिनु पर्छ,9
270f2f0ff0,हुन सकोस्,9
710cf05420,एक नेपाली,9
2d1cec334f,कमी गरियो,9
87c7558d5a,पाँच रनमा,9
5ba972199d,एक चर्चित,9
91b1cd011b,रकम जुटाए,9
8b53702063,सालको मदन,9
801977dd40,शब्द यहाँ,9
eb25bbc199,काम गरियो,9
249a183bb5,हटाउन सफल,9
466a547519,भव्य मेला,9
70f511dc86,मिल हुन्छ,9
2c52ef4c2b,नयाँ किरण,9
6d74b1362d,परेका छन्,9
5c2584002d,मुगा धारण,9
0fe30ef5ee,अहिंसा हो,9
e535286b8c,यसको साथै,9
28c2883f69,गरेका छन्,9
673e82864e,भएको कुरा,9
32d3980870,अघि बढेको,9
e74053df82,देखाएको छ,9
1026aca24e,विवाह चलन,9
5288e8850c,उधारो लिए,9
be36516b10,भवन अफसेट,9
ce5c7c87b6,हुनु पर्छ,9
32a06ed72d,बोल्न पनि,9
a4439ee2c7,पोख्त थिए,9
032b7febf2,तातोपन हो,9
24a3699272,रानी हुन्,9
acc202cd38,वेग आनन्द,9
193286ecd6,जन रूसोको,9
8526ffe8b6,तिन दिनमा,9
e153481087,बदला थियो,9
aca2e3cb57,पहिचान हो,9
6d6d1402b8,हो र उसको,9
dd953e0b2c,आम माफीमा,9
bbae156ae0,जातलाई नै,9
d313a45034,तथा खर्पन,9
e73bf07485,पनि उनलाई,9
0341df1727,रिहा गर्न,9
5ada0559ef,रूपमा आयो,9
4ae09de420,पञ्चकन्या,9
81a1863e1f,उनले एउटा,9
d6ec6350bb,भएकै कारण,9
e16c1c860f,निरुक्त छ,9
688cd08cec,कसले दिने,9
bbcc440c26,बसेका थिए,9
87c9385c59,भव्य मेला,9
0350e0732a,यस्तो चलन,9
b4e7bf2c00,गर्न थाले,9
5e38f3af85,जारे खोला,9
acc511f294,गहना हुन्,9
6d754058a8,सामेल भयो,9
5adaface7b,भन्ने ठहर,9
5acd0cae1b,चुनौती हो,9
249fb2cdb3,कुपोषण हो,9
6be69d19e6,त्यसो गरे,9
eb42d79cf6,राज्य थिए,9
16b49217b1,तातोपन हो,9
44cd939b93,मन पर्दैन,9
069b3965e5,रक गीत हो,9
1febe40475,हिसाब गरे,9
505df762c7,यस प्रकार,9
a960913c41,भए पनि यो,9
ce787e3c9d,खुलेको एक,9
6d607cf028,यसको बनोट,9
6331e25e00,केही रोचक,9
a07dc3409b,थिए तर नव,9
5e33481b30,माग गरिन्,9
a42b54f93d,चेन्नई हो,9
be3a20ef65,भएको थिएँ,9
0a58713b17,लाभ हुन्छ,9
ace077acae,एक भारतीय,9
1d59ee8da7,दशरथ चन्द,9
ddb6b29f1a,रहेका थिए,9
ace661c926,छन् जस्तै,9
ddb0b19d0c,काम गर्दछ,9
ace91de8bd,तर पनि यी,9
d5790b57f9,अवश्य पनि,9
885ceeb000,यो कुराको,9
8f046cbada,सियो मैले,9
916e81563f,उनले एउटा,9
9a176ea298,हतियार हो,9
6338ed1825,यस दिन छठ,9
f22d81aced,यो स्‍थान,9
18f77ffda0,थाई नाम छ,9
48dbd04ea2,उनले एउटा,9
770c35df4c,तौल बढ्दछ,9
016281e5a8,नगर देशमा,9
a092027eb8,भयो तर अब,9
cbad22f8fb,तल्लो भाग,9
016ea68c6d,रेन म्यान,9
fb780b19db,हरेक वर्ष,9
eb46bbe138,जानेको हो,9
819dc76dc0,समयमा बढी,9
5ad6e98894,नाम बदलेर,9
12b3398fa4,हिट भयो त,9
fe117b3186,कदर गर्दै,9
d6e9120658,विचार गरे,9
a0cd1db4ee,यस स्थलमा,9
3b268e7b66,मुख मैथुन,9
e736a0bcc2,रहने थियो,9
19025b65ac,अवकाश लिए,9
22e4de31b3,यो जिल्ला,9
970b713d0d,खेल हुन्छ,9
1e3d923ea3,नवाब मलिक,9
4654ecca13,मुगा धारण,9
ce49587527,लुनर रोवर,9
e173a9936c,खेल्ने भए,9
a9680a0906,रहिआएको छ,9
801ef531cd,पनि गहिरो,9
22e5810a53,खाने माछा,9
ce6e1355a8,त ऊ देशमा,9
fb6634e790,खास रूपमा,9
41346c9e1f,प्रचार भए,9
190bebc3ae,सङ्गठन हो,9
192a7f8e51,एक नेपाली,9
12c3a94fa6,एक पटक जब,9
6fa21f2ff7,बस्न थाले,9
5abf14a5c9,भएकै कारण,9
a95cf4c005,शिष्य थिए,9
48eb32946f,शासन चलाए,9
4001549135,कायम नै छ,9
a0911e68a1,यस दिशामा,9
6913c24288,जस्तो हैन,9
8ee8e11b3a,उपस्थित छ,9
f235fc1fc4,नजिक नै छ,9
41a4832bfa,धेरै चासो,9
ce473409e4,हुन त उनी,9
81a97e6148,मुस्किल छ,9
fb49b5da06,आएका हुन्,9
e751b78a00,एक राशिमा,9
6d60207d45,जिल्लाहरू,9
5a8e9faf2b,लडेका थिए,9
b37563a3a7,सहयोग रकम,9
5bbcbba374,नै देखियो,9
cb62b250c0,यो सहायता,9
7c157d35c8,मुगा धारण,9
9fc6f11a04,परेका छन्,9
8e931779d8,यो अवधिमा,9
6d994f2c11,हुने गर्छ,9
972696a975,फरक रहेका,9
d2dc7a218c,मान्य भयो,9
95fe6bc19f,विकास भयो,9
7558e293b3,सामेल थिए,9
402f4322c9,अवश्य पनि,9
7ab84e0747,त्यो होइन,9
9a541a3bee,चेन्नई हो,9
3b99e9373e,सेती हुन्,9
ec0a650e65,आठ टन सुन,9
26e60ecb7a,कुटीमा आए,9
322c810b3e,पनि हुन्छ,9
a4b0cb362c,सोई सोइला,9
ec1a4c8b45,भैसकेको छ,9
5a8a6817d9,युनियन हो,9
2b6f41cf79,आएका हुन्,9
bb2e0319ec,यो कुराको,9
2288014a30,जे जसो भए,9
ad9021151a,दाम राखेर,9
1314ff0741,मात्र गाए,9
482f87efed,यस्तो चलन,9
e6bdf69ee4,आज्ञा दिए,9
cf2074c988,लडेका थिए,9
922f47583e,उनी अहिले,9
482fa439e2,लिएका छन्,9
b34b319672,युनियन हो,9
9fd6c8b518,चुनौती हो,9
4653dfa644,पहिलो पटक,9
7a6c99d389,युनियन हो,9
81cee68d35,प्रमुख भए,9
130d2c2153,तोकिएको छ,9
03a3bf43b1,यो नै वीर,9
be6e24233e,बसेको कमै,9
2285af1d2f,पढेकी छन्,9
446c156508,स्थान फरक,9
3b8cdbd8ff,उनलाई पनि,9
4ccf553f06,पूर्ण भयो,9
7fcc3a8fa0,केही होइन,9
388ea7a46f,सुरु भयो।,9
ebed5d523c,क्लिक गरे,9
26f0489702,गाउन थाले,9
7ceb65d051,एक खेलबाट,9
444dff870b,उलुरू तथा,9
50a4928e86,समयमा पछि,9
3f00f7d36b,यसको लागि,9
81d5434da1,माथुर गौड,9
70e89e8900,कब्जा भयो,9
0f69417a91,भाग आफ्ना,9
924a69fb3b,आमाको नाम,9
3f183a9803,गुने मौका,9
3ef8944c6b,जब म मेरो,9
687ba63829,हुने बताए,9
f6825030e0,थाहा थियो,9
9a62dd090c,हुनु पर्छ,9
55bf1acc91,जसका लागि,9
cf1e8eab95,समय पछाडि,9
a91e1b0894,थारू जाति,9
229548c8c4,शमन गर्ने,9
1992f6376e,सफलता आदर,9
f209e1874a,गरेर नयाँ,9
73ae2ddac1,नेत्र रोग,9
1689ee65e3,सरूवा भयो,9
ebf5e25639,यसको पानी,9
8c6fb859d3,समय किनेर,9
645c0b411b,विवरण पनि,9
19d4943356,पंक्षी हो,9
64654cf8c9,भई देवीको,9
e6d97ab4ea,यसको अर्थ,9
012af65cac,अब म माथि,9
4cc331b056,मात्र छन्,9
68781ea89d,यस प्रकार,9
87a54ac854,जुनि थियो,9
ade4d884ff,भाले माछा,9
9a4e1595b1,समय बिहान,9
adf4598eaf,नामको नगर,9
e6a6363ebb,बोका पाडा,9
3bc8d7808c,श्रेय पनि,9
31fc67c40a,सामेल भयो,9
9231f54125,हुने नै छ,9
e6b5d46159,जेलमा थिए,9
717a48102b,रबेन टापु,9
dcbb9dca5d,छँदै छ नि,9
19d028a283,अब म फेरि,9
ade45b5828,अग्रसर भए,9
011b0f2e22,क्लिक गरे,9
85934243fb,यसको आकार,9
f1e1687c4a,साथ छोडेन,9
6f772e6e04,हुनुहुन्छ,9
cf046cbbd2,एक पल्टमा,9
7d8e6a8ef6,अघि बढ्ने,9
9f9c6f813f,तय भएको छ,9
225a556b43,आमै थिइन्,9
a4e12b2529,नयाँ करार,9
d7382e6bf4,सियो मैले,9
9f9db60b95,हटाइदिन त,9
38757b653e,राजा हुन्,9
6f75ae756a,लगभग समान,9
988ab4f0c7,के हो भने,9
03bba585bd,समथर पठार,9
9f7f068dca,यो नदीबाट,9
7d8db6cd45,ऊ गुफाबाट,9
5a7f995e83,कलर डु यु,9
bb06a311c3,एउटी बुढी,9
03c27d208f,जहाँ उनले,9
9f7e990e76,उधारो पनि,9
dced120540,नाम भरतकै,9
357e52d50d,मलाई कहाँ,9
faa0c64cc0,हातमा नगद,9
322f6134cd,भरि हुनेछ,9
8912772cd0,फर्केर गए,9
d72cdfb13f,लागि धेरै,9
19c41d5621,र ती बटनी,9
d3f47bafcc,खाता खोली,9
fa7a395d0e,आलोचक थिए,9
dc9eee754c,तोकिएको छ,9
3bd190e29e,पाइन सक्छ,9
9f7bd5505b,यस स्वरको,9
87b0729a96,म एक्लै र,9
95fe0e7596,अचेल नयाँ,9
d72a5bc8dd,बस्न थाले,9
19c2c9060d,हुन सक्छ।,9
444dd313e0,रहेको छ त,9
9fd71805c1,डिनर बनाए,9
2d0158213e,सबैले वीर,9
fe54ba5f18,यसमा भएको,9
adc61cb582,कालेगाँडा,9
3bb46fd7c9,बसेका थिए,9
9fa41818e8,यस घटनाको,9
03bb485090,जगत् जननी,9
609dd5ad42,यो जीन एक,9
97ab5db808,आषाढ असार,9
50bed0c1d6,भएको दिशा,9
5e84d59a57,आउने मिति,9
490661ff67,बिसि लिकर,9
3b898cbe15,जनगणना हो,9
e459b8f3fe,हुन सक्ने,9
add845ba98,समेटेको छ,9
534c6b0d54,सानो तलाउ,9
d72db6cc9f,शासक थियो,9
dcb1e4f906,गरे जो कि,9
65db86e524,यसलाई हिट,9
7976dd8884,लगभग समान,9
a4c40bec28,हो एक दिन,9
bb54340dc2,यसका लागि,9
b51956dc15,वर्तमानमा,9
50997db9ff,अधिकहीन छ,9
0f77969c2d,विश्वास छ,9
0b57b0cb41,यो बगैंचा,9
ad45c019dc,थकाली आदि,9
036d2dd7ec,उनी अहिले,9
2b7db2199d,बाट हुन्छ,9
91d51713cf,नै देखियो,9
0a42f0c0bc,यो रोग एक,9
83b568d15a,यस समय यो,9
448e68ca53,मात्र हैन,9
be51bc6d31,हालेको छु,9
448fde8ca3,यो ग्रन्थ,9
33cb7ea544,भतिजी छन्,9
12e107e499,महल बनाएर,9
b771227d21,सहादत पाए,9
4ceff15796,नेत्र रोग,9
0fb94e56cf,सहयोग रकम,9
7a956d7632,कालो भालु,9
6f9c69b286,भए एक दिन,9
f55e5f352b,कारण बन्छ,9
2dbbf18348,पनि जान्छ,9
3f99bdd673,रहेका बखत,9
0a281c4a0d,सम्म थियो,9
33c42c580c,छोरा हुन्,9
6885d3ac0b,यी टिमहरू,9
e1e53b2e7d,कालो भालु,9
a022fbdabd,भइरहेको छ,9
4484abdc31,हुन सक्ने,9
f55b49f14a,पञ्चशीलमा,9
3b71443a2c,नक्कल पनि,9
24b526f79b,पाएका थिए,9
4ad53aeeca,गरौं र यो,9
fafc7217b9,जसका कारण,9
3bbd0f86b1,यसको फलमा,9
412b69f190,गुने मौका,9
fb0096a97a,लागि म बा,9
e7109a2fc6,कोसा भएको,9
dd4dcc15e8,एक नेपाली,9
e191ae9e8e,बोलिने एक,9
fb131b2803,हुने बताए,9
79872dc70c,भेटिएको छ,9
dd79955c9d,सर्करा हो,9
e189515301,खेल्न पनि,9
3299144641,लक्ष्य हो,9
65abc24d83,यसको आकार,9
91bda5f2d4,त त्यो यो,9
73b61cfd0a,बस्ती थिए,9
e71f59ffe1,ढाकिएको छ,9
dd8299ed63,म त आफूले,9
a4498834d7,लेङ्गा हो,9
7702545589,जनगणना हो,9
3b42e924c8,लडेका थिए,9
853e370419,थिए कि जो,9
1f431be93d,विकास हुन,9
fb2bdbc286,पर्ण सुगा,9
a45f760ccd,आज दार एस,9
b6830f3bf3,दशम घरबाट,9
1e45747cbf,खोजिएको छ,9
507918b5ad,टोनी एबोट,9
2e4e561240,रूपमा पनि,9
508b440fc9,यसको साथै,9
a94cf0a5aa,आदि युगमा,9
e723640fdf,जानेको हो,9
ad2dde80e9,शब्द हुन्,9
a94e4efa1a,साझा गर्न,9
3284924446,यसले लामो,9
fb18ac5f54,माथुर गौड,9
3286372403,मात्र छन्,9
0a3fba83ca,एक छोरीकी,9
eb79764f67,आँधी धूलो,9
ad2bf9d704,यति हो कि,9
7838342619,नक्कल पनि,9
be4a80a705,मो जिंगमा,9
1941a530d7,फिर्ता आए,9
6bb7ff35fa,पर्न सक्छ,9
d3e15117a2,दरवारमा छ,9
9704400bfc,सुधार हुन,9
712c235714,कोबाट भयो,9
60edeffb94,विरुद्ध छ,9
b4f9c4b8cf,नगरी थियो,9
12ffca16f9,सिफारिस छ,9
3b84c5460d,आधार थियो,9
0134af31ac,भोजन गराई,9
bb5e1710e6,दिन पर्दछ,9
6270031fd1,भएका हुन्,9
dd20dfc173,कालो सालक,9
0f823b47dc,उनकी छोरी,9
6b8f044c24,सि के आदि,9
0f8321f566,गरौं र यो,9
fe3cda0005,कमी गरियो,9
1e64e4e9a8,यहाँ मलाई,9
038a33001a,जन्म मिति,9
57d7877e23,भएको रहेछ,9
fe6a72b35e,नयाँ करार,9
e1e4cc99c6,चालीस वटा,9
0b559d7d43,ताज महलको,9
01348cc070,बन्न सक्छ,9
56c7d44c1a,भाग आफ्ना,9
013237782e,देखा परेन,9
ad7ad0ccc4,सही छैनन्,9
2903cad16e,मणिक धारण,9
038f4ef096,यो रोप वे,9
dd14e80d87,अवगत नै छ,9
24be34cf03,सहज हुन्छ,9
38953a77c5,तथा खर्पन,9
0f7b70d7d1,रहेका थिए,9
7c705ed8c1,नम्बर पनि,9
19769588ea,लगभग समान,9
e1b565a169,यहाँ मलाई,9
83ad385152,तौल बढ्दछ,9
0360b62b3c,र हामी आम,9
ebd3b57e28,धारणा छैन,9
83ac0d9787,सानो दह छ,9
b35a01df4a,रचेका थिए,9
bb5fe2c2ec,अट्न थाले,9
91f82f0092,आउने पदमा,9
ad6e97fa58,आउने गर्छ,9
711bd62eba,आरपी जोशी,9
dd2aa113e0,आरोप थियो,9
6d89c51676,सहमत छन्।,9
8ebbba6a1a,लोक गीतमा,9
91ec68b0b6,धेरै खराब,9
22b1627e2c,नभएका तथा,9
6090f7da54,ज्ञान छैन,9
fadbbe5ebb,धेरै कम छ,9
bb998e8dac,तातोपन हो,9
443f463df7,जन कार्टर,9
57db45b08e,रसुवा गढी,9
712e8f7bf6,बन्न सक्छ,9
1d40cb33eb,जारे खोला,9
81995da1d9,र ती बटनी,9
1f3fdb819a,मलाई कहाँ,9
325f243a07,विशेषता छ,9
534818d2f4,गुराँस हो,9
197bc399ec,समिति हो।,9
a0037b126b,तल्लो भाग,9
a0126f8cc5,घोषणा गरे,9
b35b69a696,वरि र परि,9
ad6be094bf,जब नेल्सन,9
6885443664,विशेष लाभ,9
a005b201a2,भन्ने ठहर,9
5a9d8ad0fd,समस्त जीव,9
9a428390a7,किम कुलिग,9
6f952e057a,नै खुल्दछ,9
463cc6045a,बन्न गएको,9
71332c5fff,उनले एउटा,9
1ff6783d6c,संस्था यो,9
b4f924a712,कुटीमा आए,9
4ad483033c,त्यही दिन,9
91f14f679d,भएर जान्छ,9
71353cf2ee,समर्पित छ,9
1dc8e2802f,जसको मतलब,9
e97b98a249,प्रचार भए,9
815335dec0,नै भएको छ,9
38d8481b7d,तल्ला थिए,9
ab3fdab77e,यसको कारण,9
114a2d7181,चल्न सकेन,9
bd03b9d96d,लिएर छवटा,9
17fb6570b8,एकएक गरेर,9
1dca688c9e,शब्द यहाँ,9
3f87f1a70f,जिल्लाहरू,9
06fbe00f3f,सबको डटेर,9
79bd12a60e,उनका बुबा,9
f2129ad6f7,लगाइएको छ,9
7feca3bac4,ठाउँमा गए,9
b360c618d8,युनियन हो,9
aa5660b588,अन द साइड,9
115563fc68,सुधार हुन,9
275a56bd9a,यति हो कि,9
120d73a79a,यो सन्देश,9
b42ed2d2cd,प्रकार हो,9
8419164ec6,सियो मैले,9
a00d4fc92b,जोडेर इबन,9
58ca80e1f4,खतरा भएको,9
58cb5d553d,काण्ड छन्,9
a21fe11fdf,हुने गर्छ,9
33e943a4b2,गरे जो कि,9
e97c39f223,यस ग्रहले,9
389fff7c59,लगानी गरे,9
ebb4132f2e,पहिले यता,9
77880dea9e,मृत्यु हो,9
a2146642c2,अगाडि आयो,9
23bfe9040e,पनि सिकेँ,9
bcf68419a2,गर्न नसके,9
e976c613b1,नाम छापिन,9
778cc9abd9,यस क्रममा,9
06cb0a0ea9,जारी राखे,9
27dc50e332,यहाँ निकै,9
ab578c6ad1,मात्र गाए,9
532c46cfbc,खडा हुन्छ,9
fd668a2208,त्यसैले म,9
e08c56cc69,गुराँस हो,9
33f1ff0262,पत्र लेखे,9
5654bc284e,कुखुरा एक,9
9049d32c72,उठेका छन्,9
3a199581b4,आशय के हो,9
457b1a4d52,सावित भयो,9
6c9573dc3e,छ सय वर्ष,9
99699d1d58,तिनको चरन,9
1db238a4b8,पनि एक हो,9
3f8a4bfcee,यो जिल्ला,9
340a314461,पाँच रनमा,9
0ac1c7d72e,समेटेको छ,9
a246f2e714,भाग लिए र,9
17536d7e3e,सीमा रहेन,9
4dc9425e2d,खतरा बताए,9
650c51b97d,छन् ती एक,9
23b0d43f83,रहेका छन्,9
2bcbf41d46,छ भने जुन,9
80f3ed35ec,भन्दा बढी,9
e93e8e53e3,बढाइएको छ,9
e93c221d1d,आलो रगत र,9
025f4d1619,मात्र हैन,9
4a58d4ff2c,आएको थियो,9
903de041e6,विशेष ताप,9
488da22673,जन कार्टर,9
4dca01d580,परिणत भयो,9
56524be998,अनि हिंसा,9
cd16c01010,हो बुझिएन,9
fcb1245c84,एजेन्डा छ,9
a2344e0e4d,लेङ्गा हो,9
12d7d4f3e9,यसबाट अलग,9
4fd141dab5,जानेको हो,9
457ead0ad6,भतिजी छन्,9
df8a0b6169,विवाह चलन,9
bda9bb74f5,जेलमा थिए,9
3964cbbef5,उनको थियो,9
0266544b88,लागि मैले,9
4af0cb6dad,जन्म भएको,9
71305d3e55,समेट्छ तर,9
16ac04e197,हात लागेन,9
1dcf05abe1,त ऊ देशमा,9
325d745e44,नक्कल पनि,9
ab39fd3b16,नेकी गरेर,9
b7757a259a,र जनता दल,9
4dd1bfb9f8,ह्रास आयो,9
80c89d2eb3,आफ्नो लाभ,9
48a47a65da,जोडेर इबन,9
f3696ed289,फोन रहेको,9
9995856df5,स्पेसल डग,9
01c02998d4,ला मान्चा,9
f5942e84cf,छन् ती एक,9
e9a4c04dae,लालकिला छ,9
7a1e42f0c3,डमरू देखे,9
3a3d77e38c,बनाइएको छ,9
bdcaf4df8b,महल बनाएर,9
aa360374b4,व्रत पूजा,9
33d118afea,पंक्षी हो,9
e81c640f6e,होला होइन,9
fcaa19789a,यहाँ गर्न,9
33f8b48a92,माध्यम हो,9
b70335226a,हुन्छ भने,9
f2ce35c3b5,धन र वैभव,9
ab81497dfb,मात्र भयो,9
27f35859b1,खतरा बताए,9
455945e10b,मोहित भयो,9
fcb8cd2dc1,गरेको छैन,9
112c82525f,मात्र भयो,9
aa2b0d4baa,कलर डु यु,9
27fdd6df68,हातमा लिई,9
1db1e64078,एक छोराका,9
4dd9582976,मुख मैथुन,9
f2c3520530,जस्तो छैन,9
6100029e5d,गाएका छन्,9
7c4512d5dd,आशय के हो,9
bda77d60f5,आयु पत्ता,9
ea75d5baa4,पतन भएपछि,9
e794dc56c2,छैन त पनि,9
f2d8337cdb,यो नदीबाट,9
6794178781,काम लाग्छ,9
6ff18e83dc,एक तपस्वी,9
e0a7ee504c,कारण उनको,9
df35c36780,स्थानमा छ,9
f2c7cc209f,भएर बग्यो,9
8bb9935c27,भनेर राखे,9
d643e0cf5c,अन्तरा हो,9
8f96475b18,रहिआएको छ,9
54956eb4e2,सन्दर्भमा,9
e99c7f260d,पहिले सहन,9
45f8350eb3,हिसाब गरे,9
2751aed1e2,ठाडी भाका,9
e7b62fed97,गरेका छन्,9
3a94273f2e,हो र उसको,9
3feb91f933,भएका खनाल,9
5dcb929227,जसका लागि,9
7d36a249f2,गुराँस हो,9
bce5f30dff,यसको कारण,9
e83142c11a,एक कलाकार,9
84a32407c5,उनका बुबा,9
df5c3b588f,मन लाग्दछ,9
06fef29cac,भएको छ कि,9
d63b4eab7b,दिन देशभर,9
fc909bb994,मलाई दिएर,9
121cc40336,लोक गीतमा,9
180b827953,शङ्का छैन,9
79bbbf8918,गरिन सक्छ,9
4fe03422ab,कुल तालको,9
a34ea374aa,यस विषयमा,9
1737b7a10c,विवाह चलन,9
68dcce8285,पर्न सक्छ,9
566604b837,सबै नशालु,9
bdcdda493b,महकुमा हो,9
99225a7c40,गुणकारी छ,9
e8ca9648bc,शङ्का छैन,9
84aa557c0f,सबै कथाले,9
998de74d45,रेलवे सडक,9
e0a32c6396,परेको छैन,9
0a8a428119,जसका लागि,9
6524f7fddb,फल दिइन्छ,9
d387defcbe,यो घाम मन,9
56123bcf09,उचित छ कि,9
06edaf1995,नै गरिन्छ,9
a351b407fb,नया आठलेन,9
e98ef8ef8e,तर म उक्त,9
02859af63a,जाने नै छ,9
5dce6f7ecb,हजार थियो,9
df94fc0745,आएको थियो,9
0a8e76cc89,डी क्लर्क,9
65265bcc28,सालका थिए,9
a356621e67,एक छोराका,9
fd38cf19bc,विवरण पनि,9
39cb38ad72,सो विषयमा,9
3995c27347,परेको छैन,9
e8d2f15068,जस्तो हैन,9
cccc7d99ba,बुझ पचाएर,9
a359a5804c,परेका छन्,9
a35bf0f717,तातोपन हो,9
17378256ef,तथा खर्पन,9
526909a662,यो त कुनै,9
0ab0f9dc1d,नै छन् कि,9
8fd2701d67,मुख्य लेख,9
526a9876ac,क्रोध नगर,9
a2ad631c6d,पीडित छन्,9
11363101de,मोती धारण,9
b41d3c42ec,भाव हुन्छ,9
96b2a8285d,कदर गर्दै,9
44e6b04e7b,शमन गर्ने,9
8062cbd3b3,चूर्ण हो।,9
8fee475deb,शिष्य थिए,9
e8d853a9bb,काम गरियो,9
77b926150d,झिङ्गा एक,9
459a74e705,संस्थालाई,9
aaed2b471d,यो कुराको,9
64de76ae55,कसैको पनि,9
1de64a961b,अशुभ कर्म,9
aae8ce3cf3,अगाडि छन्,9
d5ff752588,कुरै थिएन,9
8106adcfaa,यो कुरा म,9
34751838bf,यसको साथै,9
562b8a924f,देखाएको छ,9
e8e60581eb,यसले लामो,9
79eaf96d60,सफलता दिन,9
54b1f5c2d7,जो आज पनि,9
27a7e006f7,नाम बदलेर,9
6ce6953d16,तल्ला थिए,9
5b5f38c9b2,एक बैक हो,9
fd01392745,यही हो कि,9
3fc95c345f,घोषणा सन्,9
f32d91cfdf,पनि कम वा,9
df9627f985,संरचना हो,9
992331d167,छैन भन्दा,9
1797844f1d,दिने माछा,9
e8949e385f,बनाएको छु,9
d5e61257e9,प्ले अफमा,9
d39727e91f,कुल आबादी,9
11cd76404f,यस स्थलमा,9
27929d4d82,सिद्ध भयो,9
39a42cc1f2,त्यसैले म,9
3fc054937d,अहिले पनि,9
4af838da34,प्रबल छन्,9
cc9c24a588,छन् ती एक,9
39aeb85ade,लिंदै गयो,9
e8762c2173,वर्षे मकर,9
913c7f8078,अन्तरा हो,9
e027ad67c4,पक्षमा भए,9
2d7b9f5ce9,उनको घरमा,9
7414bb9685,पनि गहिरो,9
8fe9ea5194,आफ्नो भूल,9
6cd50729a7,ईसा अलेही,9
6cc74bb762,एक रूप हो,9
179bffd723,वर्तमानमा,9
0180447e3b,पोख्त थिए,9
3450a6f670,उच्च मावि,9
62ee833e38,सालको मदन,9
a2bc87bf06,यस घटनाको,9
aa9a69c728,लागि जिरी,9
3fb59a8420,जाहेर गरे,9
a2f3ea9619,त थाह भएन,9
77c3469bb0,गलेश्वरमा,9
06e4548547,मारिया एक,9
4db3dcdce5,पञ्चशीलमा,9
45aa829801,जाँदै थिए,9
345246f520,जातका थिए,9
1df7d96e4a,टोनी एबोट,9
6cc306b319,यस नीतिका,9
4da8185224,तरकारी हो,9
532335aa4e,यो एक पेय,9
e019c0801a,उनले समाए,9
e86c455f4b,तल्ला थिए,9
dfcb09e2c4,भनेका थिए,9
a28fd6dcf6,सियो दियो,9
bd8501ec3a,ममाथि रिस,9
7402c744aa,नगरमा छन्,9
2423d82643,दि किङ्का,9
240f2e526b,सामान्य छ,9
3f8210226d,आज्ञा लिए,9
345e62166c,हुने नै छ,9
cc70535a2e,काम गर्दा,9
81403d3221,र एक छोरी,9
e06404633e,आएको कुरा,9
b4483a5662,दुई भागमा,9
7798be76d7,नीलो नै छ,9
aa6b6ebb30,समयमा पनि,9
56437b578c,सतर्क थिए,9
a3132ccee3,स्नान गरी,9
e92df34c4f,यति हो कि,9
8fbbc57af4,मेरो पौरख,9
415aca0b15,हीरा धारण,9
d614315c6e,विरोध भयो,9
6cff73a87e,विवाह चलन,9
dfb44682e9,भान हुन्छ,9
68cc57d5e5,किरण केसी,9
aa65855350,गरेर नयाँ,9
847ce98a75,अचेल नयाँ,9
bd2037b4ee,अधिकार हो,9
e932b89cac,बन्न गएको,9
fcc899c190,जारी राखे,9
34127017b7,दया पलायो,9
4873599fba,गर्न लागे,9
8bd0d432a1,कान थापेर,9
4fc7adcff7,आँपको पात,9
5b49f73397,सो विषयमा,9
3fd4aa6106,यसको फलमा,9
f3072fb775,मलाई दिएर,9
025376189d,लगानी गरे,9
f351a502e4,पनि भन्ने,9
02508e145a,हनन गर्ने,9
3492da2958,सोच बनाएर,9
bd2bd6ae0b,क्रस्ट हो,9
6ca414df1b,मुरी बधाई,9
a31362028a,म सहमत छु,9
e849e0a278,समिति हो।,9
7018adeed1,पूर्ण भयो,9
3970fd6f3b,ठाडी भाका,9
e8f83e46df,तय भएको छ,9
b45f2410d5,तर टर्‍यो,9
6cb03cabe8,मूल्य छैन,9
17c6fffff7,शङ्का छैन,9
aa685118fc,त्यसैले म,9
e0559c1aa6,एउटा गाउँ,9
3fa6282852,रुख हो तर,9
e31da9b6cd,नै छन् कि,9
88211eec25,सुझाव आदि,9
9018f80ca2,जातका थिए,9
9021efcc8c,चरणमा परे,9
d608363735,यसले लामो,9
842ad39ffa,धारण गर्छ,9
37c62d841b,सामना गरे,9
17c51ffe08,चरणमा परे,9
217587ca66,प्रधान हो,9
17c5121539,तिमीले आज,9
ccdcd57704,सकेका छन्,9
159929abb3,जो आज पनि,9
5b613cc1ec,यो यन्त्र,9
1f7f57e3b1,हुन जान्छ,9
67b79fa969,समय बिहान,9
a28d7b4277,जाने नै छ,9
e869d7e838,नगलेको रङ,9
175e578d04,जानु होला,9
06ddfb0b11,आधार थियो,9
dfc8311cb7,एक बनाउने,9
fd467e18fc,झरना छाना,9
4583f2b2fd,जसका उचाई,9
57f8c5f174,यस्तो पनि,9
cc7e6a0115,कालेगाँडा,9
96b5bc253a,जान दिएन।,9
39e1b89ab1,यो सन्देश,9
e9112c9807,पाएका छन्,9
4639c6d2cf,खतरा बताए,9
5d5c416d44,पूर्ण भयो,9
a1e5bffbed,बन्न गएको,9
12ac92656c,भने कि जन,9
62e0901bd6,झ्याली हो,9
fdcfe2558b,त्यो होइन,9
5e13ef8ba1,पक्षमा भए,9
aafdfe2bfa,बसेका छन्,9
79ecb6ff25,किम कुलिग,9
83e3a431f6,अभिनय गरे,9
8b79ec0237,आज पनि यो,9
4634cf367b,कही जय जय,9
d1feef20de,हुने र एक,9
563a7a1055,यस दिशामा,9
bdfd4a7c49,मुख मैथुन,9
16e46aae7f,अन्तरा हो,9
39e47a8319,उत्सव चलि,9
0a676eff21,भएको कुरा,9
994f3e44a1,भन्ने ठहर,9
ea76264ef4,सिफारिस छ,9
b3cc9e17b1,घेरिएको छ,9
d6ab84c850,आशय के हो,9
38faa3b46d,गर्न लागे,9
b740c6d2a1,यो नै वीर,9
1284be07fb,भीड लाग्छ,9
18bd426848,रहेका छन।,9
f626cbf837,बोल्न पनि,9
ac48476b7c,मनोनित भए,9
911de193e7,थिए र उनी,9
b44a3eaa9c,छापिएको छ,9
de58ddb424,गरेर फोटो,9
569a035456,एक बनाउने,9
96b5a38f58,सकेका छन्,9
56979fea19,फूल वा फल,9
aaf6153a6a,बढेको छ र,9
83f222c3db,हुन त उनी,9
cc029286e9,जारी थियो,9
3a97f7a1bb,काबिज छन्,9
e7b515d705,मिसिन्छन्,9
d590bcb39d,सम्भव भयो,9
649d5fcb27,गृष्म ऋतु,9
3ff2bb97aa,साथ छोडेन,9
8b78c1720d,जमीन इनाम,9
81905abf0c,देवलहरूमा,9
966102ef60,पंक्षी हो,9
285ec32a09,यसको अर्थ,9
24737ea42b,नाम के हो,9
6033f408f6,थालेको हो,9
3ac14e3510,आउने मिति,9
6793a7d6bb,भई कम तौल,9
de888837c8,समय आएपछि,9
de4a21f670,आठ जनालाई,9
e1079ef549,कालिङ्पोङ,9
cdd4ab8fa1,पक्षमा भए,9
bd79b225ed,अट्न थाले,9
8146193c51,यो ग्रन्थ,9
6c34d45c87,नै छन् तर,9
48c8bdfeb2,छन् जस्तै,9
4f6834944f,आमाको नाम,9
18bc408c6e,बोका पाडा,9
967212743c,बाध्य भएर,9
11ba62fcf8,आधार बनाए,9
6cf9932f7f,दिन पर्दछ,9
de90dda6d0,खतरा भएको,9
16f23d9afb,नै भएको छ,9
189ac73d87,निश्चित छ,9
808e70672a,थाहा थियो,9
3a4ecf2c33,मेरो रीति,9
11153d8092,के हो भने,9
964a04f556,पतन भएपछि,9
8087aaa464,गठन गरियो,9
68fee21095,हतियार हो,9
de7548675e,आरपी जोशी,9
773c2ac099,त पाएन तर,9
e7b2f7478b,बिसि लिकर,9
352dd1f509,जहाँ उनले,9
111bcf66f4,यसको कुनै,9
0b132505fc,यस नदीलाई,9
90fd10180a,आफ्नो भूल,9
fdbcc10e43,यही तरिका,9
48c5124c8d,दिन यसैको,9
98e10dcc7a,सबै देशले,9
6c2b545255,पर्यटन हो,9
3a9b842bc6,होला कसरी,9
de7d1d70e1,प्रसङ्ग छ,9
5027d478ab,डिनर बनाए,9
d6bd26b350,गरे तर यी,9
74ff0973d0,एउटै खोलो,9
1045a826bc,फैलिएको छ,9
629aee0b23,गरेर नयाँ,9
5235267f1e,रबेन टापु,9
7729ded33e,त्यहाँबाट,9
8c38821835,रूपमा पनि,9
de060fef58,ऊ गुफाबाट,9
2dfec45874,यस समय यो,9
e7743fb680,हजार थियो,9
32ffb99b0e,परेका छौँ,9
690c5d1032,बाथ ज्वरो,9
ac87f8fe1e,तर त्यसको,9
2ddd252629,यसमा जब म,9
be13273c1e,साथै यसको,9
17319fdc87,यस स्थलमा,9
8ba085bd9c,तय भएको छ,9
77f2f00ac2,उपयोगमा छ,9
e131d301d6,कहिले पनि,9
38db9ad106,यसमा भएको,9
a40fe6f482,रगत चुसाए,9
8c3d64e4aa,अर्को साल,9
18e38897dc,हक हुने छ,9
5234d7f95f,बनाएको हो,9
4df8362ccd,पारित भयो,9
a410ab741f,बनाएको छु,9
38d84e7da9,क्लिक गरे,9
73c46beea6,र एक पल्ट,9
103d4d9e3d,यसको अर्थ,9
7726626362,अगाडि छन्,9
851549b171,एक खेलबाट,9
a0e489d033,गर्दै थिए,9
fb96ada159,विवरण छन्,9
4d0f41049c,सम्भव छैन,9
e76b54f3be,थाहा थियो,9
32f655ad6b,अचेल आयात,9
2315e76f09,यहाँ आएको,9
32f804ee81,समतल भूमी,9
a997b2b32c,हुन्छ जरा,9
12a7b2f55c,शब्द यहाँ,9
f633ec952b,गुने मौका,9
a3c81c4ab5,डिनर बनाए,9
27302beb48,जब भूकम्प,9
781513260b,जहाँ उनले,9
232b0facd2,तातोपन हो,9
9700b55ace,छापिएको छ,9
528080c547,ओशो रजनीश,9
a9a41789f8,काम हुन्छ,9
781b1c106f,एक प्रमुख,9
10530c1a6b,लिइएको छ।,9
90ef6a25b4,अचेतन भएर,9
6582cced82,क्रोध नगर,9
ea9ea3818d,कुरै थिएन,9
1e2f4fa276,झम्झमा एक,9
e12daf5c02,जानेको हो,9
129bd10173,र कोदो हो,9
ce0c9f78d6,कडा रूपमा,9
106dcefbff,कारण म यस,9
3a9efd658d,तातोपन हो,9
01af82b46d,काम गर्ने,9
b747892d50,हातमा नगद,9
2ddbc93cc4,विचार गरे,9
89661121f8,मान्य भयो,9
eab74a470f,हुनु कुनै,9
ac7be6c867,हुन्छ जरा,9
be0da80cef,तर म उक्त,9
18c07c337d,कोड हुन्छ,9
d3d05bed3d,प्रश्न वा,9
de2d83d44d,ऐन अनुसार,9
912f87861d,नक्कल पनि,9
01810d6045,मात्र भयो,9
fbbc8141e4,एक प्रमुख,9
eaaeded3db,टोपी दियो,9
8858a36f99,यो सहर हर,9
ac73a73a69,खास रूपमा,9
e7f0e6e6cd,समचार हाे,9
73cc9433fb,म मेरो नै,9
0b16fd0c88,कारण थियो,9
eab30c99dc,रूपमा आयो,9
a16d17c075,कमी गरियो,9
54795c98a6,यस पछि यो,9
cdce1870ef,जे जसो भए,9
2743600c16,उरहरी दाङ,9
d6b0611dfb,यो अभियान,9
f264acf3aa,गाएका छन्,9
a118c324e1,यसको आकार,9
ce20b79a08,आएको थियो,9
bdf3ebae10,कुटीमा आए,9
8b97fccc07,अगाडि छन्,9
3f630ea23c,कर्म गर्छ,9
d3b7ac35b4,मुसा नामक,9
0ae886e60b,काम गरियो,9
4fffb6d861,रूपमा रहे,9
bdd604a85e,लालकिला छ,9
e9ed9ff8a8,किच्चक बध,9
274347b1b8,सक्ने भयो,9
e9ec05d920,लागि उहाँ,9
e7f592ae8e,का साथ यो,9
0ae72b31e6,निजि वाहक,9
a1bef47bfe,जोड दिनेछ,9
3399fece05,भन्दा बढी,9
3a5b224a13,रहने थियो,9
99b380ac74,यो अभियान,9
75378eca30,कुनै शब्द,9
453a7a9e3d,भाग आगमको,9
bc957dd9e3,धर्म जीवन,9
3a67692ef7,यतिका दिन,9
54da4f4565,बोध हुन्छ,9
a38c1eb239,भाग लिए र,9
48afd69f3b,गठन गर्दा,9
84c90dbadd,लेखक हुन्,9
d6bae8cc27,नजर आउँछ।,9
e9f484d993,बाबु थियो,9
abdbaee100,पचाल झरना,9
aa09f837cc,हकका लागि,9
5ded9c9cda,खोजिएको छ,9
67a0699243,जस्तो छैन,9
d348540e78,समाधि छन्,9
392dd870a3,बसेको कमै,9
392d6d7c91,यहाँ मलाई,9
b3f3c22d49,म सहमत छु,9
bc924940d9,भएर बग्यो,9
6d1f993cb3,डायल गर्छ,9
1894bbb1ce,यसको उचाइ,9
57e85b1dd8,बाथ ज्वरो,9
1dad89f3a5,क्रस्ट हो,9
776e3e3487,सम्म थियो,9
e0b6e8384b,तर सो फोन,9
d6649765ae,पीडित छन्,9
62bfade4ea,तर अब आएर,9
02a6ae72ce,फिर्ता आए,9
bcb7e11c75,आरम्भ गरे,9
ea4c6e9489,समतल भूमी,9
64c052a721,उनको थियो,9
39404ba11b,अर्को साल,9
df1c83455f,गुरु हुन्,9
45429c1bbf,नै हुने छ,9
99b15b1e5f,आज पनि यो,9
79a6de23ff,छोपिएको छ,9
3a57444bce,यी दुवैले,9
ab9e6b6283,गुने मौका,9
33adb827fa,सियो दियो,9
f2b4e64ef2,तौल बढ्दछ,9
0ae09d3ee9,ताज महलको,9
deeffd5aef,कम प्रयोग,9
6c643a9199,एक परिवार,9
d68b7335c9,त पाएन तर,9
a1ca12b47c,बाट हुन्छ,9
8c111d4070,लिङ्क गलत,9
3a55087b0f,जसको मतलब,9
d34e8d8994,भएको कारण,9
cd7ae34552,जसको कारण,9
fd8d1280db,तर पनि ऐन,9
79acbbfd50,बनेको छन्,9
3913a504bd,धेरै पल्ट,9
18383028d1,नगर देशमा,9
7761fde3e3,कायम नै छ,9
b715aef1e1,र ती बटनी,9
3504251c48,कारण म यस,9
cd749b3108,बनाएको छु,9
111152a6ef,एकएक गरेर,9
e7e96b3efc,लेङ्गा हो,9
3fe4bb7ca3,परेका छन्,9
10ede14481,यसको रङ्ग,9
11070ee85d,दया पलायो,9
d6612ce1e4,सबैले वीर,9
df0af4466f,तातोपन हो,9
cdb36b2a13,किरण केसी,9
cc21def3ff,यस ग्रहले,9
dea85e53e5,कालो सालक,9
02dfb58be4,एक समय यो,9
3a8559347c,चुनौती हो,9
1263ddbba2,किरण केसी,9
3500216a1d,जसका कारण,9
3364ae7eb3,शिक्षा एक,9
77fabdc97b,गृष्म ऋतु,9
5e01e93c34,भएको रहेछ,9
8b89a9375d,भने कसैले,9
b724a6c304,ताल र लवज,9
8180791268,दृष्य पनि,9
a3ab3ee784,दाम राखेर,9
7c5ed8f2c1,कान थापेर,9
cdcce6376d,किम कुलिग,9
e7bf4cb75a,आरोप लगाए,9
2d32c9e98e,यो देश एक,9
655c978169,यो ठाउँमा,9
fc129d42ad,छैन भन्दा,9
3f54fcc6b1,यस प्रकार,9
60f604375a,भागका थिए,9
4bad4d1ef3,गर्न सकूँ,9
1106a5c7d7,र जनता दल,9
6d217ec300,आशय के हो,9
fc198ec846,भयो हुन त,9
a9d5b36714,एक तपस्वी,9
6fd0f20741,सामु पुगे,9
1701d1fd5b,यस स्वरको,9
90e89dab93,यसको बनोट,9
24643ee0e2,सफल पारौँ,9
10c4997a24,हुनु कुनै,9
2d2ed14733,समेटेको छ,9
1259d8241e,डमरू देखे,9
4a42714762,दशक र सन्,9
17068ba959,पदका लागि,9
ea314f8268,यो पुस्तक,9
e0e8b2b495,कडा रूपमा,9
4528a69618,दया पलायो,9
ea2184ad16,मानव समाज,9
87f31952ff,एक नेपाली,9
ea206593d5,गरिएको छ।,9
2befe8897b,टाउन हलमा,9
8f69f8524b,अघि बढेको,9
83fe929532,लग्न भएका,9
500f50b9aa,नै छन् कि,9
8f6c44773b,तथा खर्पन,9
34fb22f380,उनको निजी,9
1875ecba3e,बढेको छ र,9
84d73c07c9,उनका पिता,9
01acdf58ef,जारी थियो,9
753a65b683,कमै रहन्छ,9
ea10d0eb0f,नगरमा छन्,9
a1a7ce2470,तर म उसँग,9
8b90b6b45c,कमी गरियो,9
e7dd2e1033,भएको र यो,9
a9d9c14bde,ठुटो अथवा,9
a185c50891,सेट लगाएर,9
b3e1e43d15,लघुकथा हो,9
e0e8a391a5,गनेका छन्,9
2805c766be,अन द साइड,9
2ba5d923d3,सूचि बन्छ,9
cdab1f8907,सूचि बन्छ,9
6fd480bf4c,यही हो कि,9
336bfc5e1f,कमि हुन्छ,9
e0e521d988,कुल तालको,9
a18c0234dc,देखा परेन,9
d3bc923270,गुठी राखी,9
ea26c5e6cd,र एक छोरी,9
bc7ec9cc44,एक देश हो,9
d3440597f1,जुनि थियो,9
fa6d305c19,नाच चण्डी,9
d822188c8f,घोडा दियो,9
f1dd6dafd2,विकास हुन,9
80cc41fa0e,तर वेश्या,9
6c7187ba64,राजा हुन्,9
ac119f8740,गर्छु यही,9
818c019c5e,थाहा थियो,9
8d8a62901e,खाडी किमि,9
0500d4d8bc,नजर आउँछ।,9
66958552f7,फलहरू पनि,9
2ef832dbda,यसमा भएको,9
392475206f,यो मसलाको,9
a9ea3b7c4d,यसको रङ्ग,9
a1948b4459,लगाइएको छ,9
36a544d97c,यस नदीलाई,9
f71a34cdaf,जनता माथि,9
940907cc01,अफ्नो तेज,9
536212b04d,मनोनीत भए,9
8c32dec508,बसेका छन्,9
e7d509473c,बाट हुन्छ,9
9d3980a587,तर म उसँग,9
f5d03de41b,जो आज पनि,9
ca56d1695f,भोजन गराई,9
1c95a085a3,यो सुविधा,9
59d268af59,हुनु पर्छ,9
0d6faa7861,रेन म्यान,9
b05646571a,यो सुविधा,9
0d6e0eb218,लगभग समान,9
940e8a9d32,यस नगरीको,9
b9689334f0,देखा परेन,9
2058781302,क्रिया हो,9
6e31188be1,काम हुन्छ,9
d4b73e6ad2,यसको कुनै,9
6ed88cc18b,वनमा पुगे,9
36a9b5d55b,भएर बहन्छ,9
827c41a590,गर्ने छुट,9
1eba0b1001,काम हुन्छ,9
05017aed05,अवगत नै छ,9
61cc28a24f,किन्ताङ्ग,9
5147daa0f6,कारण बन्छ,9
0076fa017b,कसले दिने,9
b97071bc55,भयो र सन्,9
727a959081,काष्ठ काठ,9
b5a756a79f,सक्ने भयो,9
97f725b532,गरिने छैन,9
b98322c78f,जहाँ उनले,9
3d1c2dc10a,प्रयास हो,9
6402b982fd,विघटन भयो,9
0d8de1cb53,कसैले पनि,9
f11ccce3ec,आँपको रूख,9
e357231433,भएर जान्छ,9
7929e1a828,तर पनि यो,9
8a4ad0eb99,एक अंश हो,9
e550c884fa,तौल बढ्दछ,9
1b9edc898f,अवसर थियो,9
ef757f963b,अघि बढ्ने,9
04f94cb0f2,उनको घरमा,9
669ef0da19,ढाकिएको छ,9
e35408e4e7,ममाथि रिस,9
144c81d4f9,कालो भालु,9
684b6c5e1a,मत दिने र,9
e34fbf8ffb,हुनु छ यस,9
b03226fd8a,च्यानल हो,9
93e5abc4bd,समेटेको छ,9
9775afefd3,यो एक सफल,9
ef32c2c553,यही पहिलो,9
efdd77ba8c,यसमा विषम,9
155518a10c,हिमताल हो,9
4225f79c80,भनेका थिए,9
7b6292370b,स्मरणीय छ,9
a79d282b6d,रोक लगायो,9
2a20241567,शरद ऋतुमा,9
60d9c8f026,कालो चिबे,9
4c210a772b,ठुटो अथवा,9
f8b91d5817,उनको बुवा,9
6396d70785,आएकी हुन्,9
3697477c87,अवश्य पनि,9
d4bf4bf2e0,उनको घरमा,9
9d3eae3432,आउने नै छ,9
1b482a918e,आएको थियो,9
2a1eaebc43,मुसा नामक,9
eebf7e2f3a,विवाह चलन,9
d261fc90a5,सुखी जीवन,9
e3612b8eb9,मलयालम हो,9
2ef0d82bc7,यो डाक्टर,9
8d9a30b65e,बलमा बस्छ,9
2a2e46f882,यस लेखलाई,9
300e8626eb,राजा हुन्,9
88a8e20fe4,मुख मैथुन,9
1523ab4a36,कब्जा भयो,9
2582336d02,आबद्ध छन्,9
005eefedf2,पञ्चशीलमा,9
558908a890,जसको कारण,9
daa5ffb397,नाम मात्र,9
ca43ee4c9f,समर्पित छ,9
6e3e32431c,कमै रहन्छ,9
0d315a0981,नजाऊ नखेल,9
077a203860,एजेन्डा छ,9
42e02615a3,हुने नै छ,9
42e09d0d37,कतिपय जीन,9
00623ed729,गर्न थाली,9
afdf2faa51,जातलाई नै,9
ef243a4921,गलेश्वरमा,9
b6275a3cc7,तर टर्‍यो,9
ef22f7cff6,नै छन् तर,9
b5b630dbf7,गर्न लागे,9
005fb17f2b,थला परिन्,9
943c0b2aeb,साध्य छैन,9
63f2712d52,हालेको छु,9
9cf002d93b,बन्द गरेर,9
053ae97964,राती सुते,9
9ceca56a38,अरूले पनि,9
d9e6a842e5,पूरा नगरी,9
0d23be1ca8,यस अवसरमा,9
3e47edf19e,सफलता आदर,9
684b22c6f5,खोजिएको छ,9
d131c2ac88,भए तर पनि,9
1ec317fe09,आफ्नो भूल,9
2a45f10f0a,विरुद्ध छ,9
75a2eaf1ae,म अब कसरी,9
943ff4387d,खाने माछा,9
ef389b8190,मान्य भयो,9
ef3815c4ad,एक ठाउँमा,9
3e545df583,एक नाच हो,9
b0406628a9,दान दिइएछ,9
2605f26f53,समिति हो।,9
306b432c8e,बस्न थाले,9
2b05ef4483,नया आठलेन,9
422eeb86b7,जनगणना हो,9
6816fe65be,हुन जानेछ,9
145356ac9c,आएका हुन्,9
955ea59a6a,उरहरी दाङ,9
8d8611afe9,कालो धनेश,9
1b699c1332,स्वामी हो,9
7346bd9870,आउने नै छ,9
b95c4ae0ec,गरिने छैन,9
b9473fa003,अघोर मनको,9
4ecf092eb0,पनि गहिरो,9
a77eeb3b6c,छोपिएको छ,9
2c98166324,जति बढ्दछ,9
6990b9fb2d,यस्तो पनि,9
1451a147a0,एक पल्टमा,9
2c98f6fc2b,सामेल थिए,9
e396a1e780,जहाँ उनले,9
378717d8bd,उनी अहिले,9
475e304aad,उनको थियो,9
b82ab5e414,थपे कि ती,9
ef093e484c,समय बिहान,9
4c0f100d8f,मनन गर्दै,9
6e38801885,प्रबल छन्,9
b0a74f8c04,छन् ती एक,9
0d37acfac3,उनी रेलमा,9
1b730624ec,खास रूपमा,9
e3a0b4ed12,डिनर बनाए,9
b950f89bb3,दिएका छन्,9
9b68659b5b,किरण केसी,9
49a75ec021,कब्जा भयो,9
5153918dc7,गठन गर्दा,9
1b7dc3bce5,गरी जम्मा,9
7ea683d02f,राज्य थिए,9
83057d5572,आदर्श गृह,9
b93deb0cb5,सके जति म,9
ff82347e77,गरे र अझै,9
93ec8c5dc7,भएको एउटा,9
a6476a4a13,भनिएको हो,9
955e0cd5fb,फोरम दलका,9
7485bb03aa,मिसिन पनि,9
6a76877c84,आउने नै छ,9
97fe50c2b7,उनले एउटा,9
7264d424e9,श्रेय पनि,9
07e687d6b1,हाम्रो मन,9
69995c1b6b,आएकी हुन्,9
b7fb3fbdb4,साथै उनले,9
5525ce8331,मसाल निकट,9
37c3b2fa3a,भेटिएको छ,9
697bc1d792,कुष्ठ रोग,9
9db92deff2,साबित भयो,9
9db955d7ca,यो स्‍थान,9
3081d52188,तिनको चरन,9
e5a7c5e77c,उत्सव चलि,9
a7fb266b5d,हनन गर्ने,9
6f02966a23,भवन अफसेट,9
43495656ea,धेरै कम छ,9
bf31e11c5a,रहेका छन्,9
dabc6bfdce,सक्ने गरी,9
13f8717da8,खिलजी वंश,9
dabf222835,पुषा हुन्,9
e3133e1229,धेरै कम छ,9
7dd9b21ac4,स्थल हुन्,9
04c3e2d350,लडेका थिए,9
ff40f1168a,सम्म थियो,9
daa0bc7146,लक्ष्य हो,9
1cba77e8ea,का साथ यो,9
7ef223c90e,टोटे माछा,9
93965c33f4,यो निश्चय,9
d9fff06115,जन्म मिति,9
97688d38fe,साथ एक्लै,9
2649b92fcd,एउटा सानो,9
9db47e92c3,तर पनि यी,9
7c8b51de19,किरण केसी,9
512e1cc6d0,गरेर नयाँ,9
74d2242c96,मेटिएको छ,9
4e698b9974,हो र उसको,9
53d1e67929,मैले निकै,9
daaa6bf76d,आकृष्ट भए,9
f4586a4a15,ग्रन्थ हो,9
5fdfb64c72,उक्त पदमा,9
13f0a3d824,रूपमा रहे,9
3087d3f0f0,अवश्य पनि,9
497d70390d,अवश्य पनि,9
2190eb59ac,उनको बुवा,9
7363204262,आमा री वन,9
9d995868da,सन्तति भए,9
667440714f,मुस्किल छ,9
824e6acc67,छ सय वर्ष,9
2543ce71c4,छन् जस्तै,9
2ec68909e6,सहमती भएन,9
60b47a6ce6,नदी नै हो,9
7ef43b9630,नयाँ किरण,9
824f150249,जो आज पनि,9
7ef44dec99,तौल बढ्दछ,9
ee33581346,सङ्ख्या छ,9
1ea5aefa45,तुगलक वंश,9
afa4912cda,सबै कथाले,9
afa2e03a96,मान्यता छ,9
833fb677fa,यो यन्त्र,9
309fd9b102,सबै कथाले,9
b9e7c5e6eb,जाहेर गरी,9
e31f8c9bd1,आएको भेरी,9
b590c90447,समय किनेर,9
d07369540f,हासिल गरे,9
365fb2be5a,मानव जीवन,9
ff556d7a3e,एजेण्डा छ,9
76365e5adc,विशेषता छ,9
ee4cad239b,भरतपुर हो,9
dac319d394,भनिएको हो,9
dac5f8e09e,छ कि लेबर,9
4c4b4410ec,राखिएको छ,9
863c61be00,पारित गरी,9
4333fd02f3,पढे हुन्छ,9
498b009233,शिष्य बने,9
535e78257a,धेरै चासो,9
7eef8a0828,उनका नीति,9
b58c1d6990,हाम्रो मन,9
60db7181d8,एक रोग हो,9
00ab0e6001,समय बिहान,9
afb94c7753,कुनै कमाल,9
f145f8db54,गरे कि यो,9
b276504d2d,ईसाइ धर्म,9
6664d99013,सेना तयार,9
4320392bec,भएकै कारण,9
9b40ecff05,गरिएको छ।,9
40f9fcb29d,सालको मदन,9
3cfd19940a,नजाऊ नखेल,9
409b3ff930,साइन गराए,9
3cfaf79367,पनि उनलाई,9
9b3f9e0c82,वास्‍तवमा,9
b25d3938b1,सहज हुन्छ,9
9d79819322,आदर्श गृह,9
d80ffd40c0,हो मैले त,9
bf50adacc5,समय किनेर,9
7b53f89289,दि किङ्का,9
3063fa9004,कालो हुने,9
218955b4c1,म अब नयाँ,9
f1289ca5b4,सङ्गठन हो,9
b2708d863b,पूर्ण भयो,9
825f84f0c5,भेद हुन्छ,9
140d0f8511,स्मरणीय छ,9
da00f2dc09,टोपी दियो,9
ff4dff4e95,दिनु पर्छ,9
b0270bff06,हाम्रो मन,9
9b477dba14,लिएर छवटा,9
0d95dcd7e8,मन पर्दैन,9
156df3b596,नियोजित छ,9
59df9329ef,जारी राखे,9
e55caa1cb2,मेरो समाज,9
da5a9b6597,गरेको थिए,9
2a1454df1f,तल्लो भेग,9
59e071f603,सक्रिय भए,9
4c293f4fe0,मेटिएको छ,9
93e176d2d2,नीलम धारण,9
8669bbab81,हमला गरिए,9
15754d574a,काम लाग्छ,9
61c5a65b4d,जनता माथि,9
8cee8df862,लग्न भएका,9
409b9a6045,मुगा धारण,9
204ba22a27,झम्झमा एक,9
82685a884d,कुरा होइन,9
5933d630c0,बस्न थाले,9
f8ebf94b35,तय भएको छ,9
0dc1e080c9,जोड दिनेछ,9
ee7d84579d,श्रेय पनि,9
f8e45ddb7d,लागि होइन,9
53d125930c,नगर देशमा,9
95757cccb2,थिए जो कि,9
832a62e835,र कोदो हो,9
747fbf411a,विघटन भयो,9
78bff35af4,बाट हुन्छ,9
3673a2d1ac,श्रेय पनि,9
30537603fa,चुनौती हो,9
14b5eb7f08,लिएका छन्,9
9c07abeb1d,पनि गर्दछ,9
d271e41cfd,जब नेल्सन,9
1348331541,अन द साइड,9
f0b3ebe4b4,नाम छापिन,9
e57aaaadb0,गर्ने छुट,9
ff43a60653,हासिल गरे,9
4a7a576879,यसको अवधि,9
4b84920dde,साथ नै यो,9
e3337a5635,रिस उठ्नु,9
da7e80228d,लेखक हुन्,9
d434d97687,जानु भएको,9
4ee359735a,शब्द यहाँ,9
0dad039259,लक्ष्य हो,9
7b4f3f99f5,समेटेको छ,9
82b1dd98e7,छ तर यसको,9
7b4e0019c3,ओशो रजनीश,9
e574270ce7,उनकी छोरी,9
6ef3e7180e,यहाँ उनले,9
da86b97251,म त आफूले,9
da7ec5fc53,उदाहरण हो,9
a7ccc664e4,तयार पारे,9
3cf2480209,सियो दियो,9
1b1f0188e0,साथ नै यो,9
05bf5cd361,छैन भन्दा,9
3ced89cf99,भैसकेको छ,9
432aa211af,लेङ्गा हो,9
8d7af49509,आयु पत्ता,9
e3ab3837a9,पञ्चकन्या,9
40c396edab,डायल गर्छ,9
d8fe87b50a,भइरहेको छ,9
d0aed963d3,हुने बताए,9
a6bf83c6eb,आएको मैले,9
d26e2e91e4,मेरो पौरख,9
3dd2bafc03,मोती धारण,9
1ea438349a,गरेका थिए,9
ffda1536fc,पनि जान्छ,9
2a9fe8e189,आरपी जोशी,9
6ea0406267,मुख मैथुन,9
8d3e92d380,लिएर छवटा,9
20b4d8ccfd,परिणत भयो,9
b15a2f4913,म अब कसरी,9
f755eb488a,गणना लगभग,9
d1b9aa28fc,तार हुन्छ,9
57870ad1f8,यो ठाउँमा,9
78b17f3f69,यस नगरलाई,9
d9034ba528,रहने गर्छ,9
5f9b5c5a02,यी दुवैले,9
f7ba9185a9,भाले माछा,9
618b20c197,टाढा पर्छ,9
e496522376,मेटिएको छ,9
7e08bfefa9,पनि हुन र,9
2f8cde6a59,प्रचार भए,9
3e25eed776,यसको बनोट,9
5392e41b42,यसका लागि,9
88bc17cce9,लिएका थिए,9
72fbb60257,काण्ड छन्,9
682e086b52,समय लाग्छ,9
9c207f7ebd,परम्परा छ,9
3dcfad944b,भएको र यो,9
518a33ab81,मेरो समाज,9
75d8356edb,टाउन हलमा,9
bff638de6b,खडा हुन्छ,9
4ebf14e536,सुझाव आदि,9
69e8984cb1,आफ्नो लाभ,9
b17005a6a2,ताज महलको,9
b167ea479e,बहन थाल्छ,9
2a9fe6398c,यस घटनाको,9
2ae67f67d9,आएको छु र,9
1ef373b692,पुरा गर्न,9
05d6199b4d,रहिरहने छ,9
b20bd57154,मुख मैथुन,9
b5e1b18d50,छवटा कृति,9
ba524724ad,गरे कि यो,9
4e9b67144a,जिकिर भएन,9
4e4e4c1e47,मुख्य लेख,9
82a5947107,आमसभा भयो,9
311f166a56,यो स्थिति,9
d92b405a76,लडेका थिए,9
f74f4a77f9,बढ्न सक्छ,9
25884745c7,छ सय वर्ष,9
f007c0fb4b,भन्दा अलि,9
94c8e409f8,फैलिएको छ,9
78dbf17d2f,हुने नै छ,9
f784661aa6,हुने र एक,9
002668d6ff,आएको छु र,9
618f106136,यो कोटायक,9
69f916f978,मोहित भयो,9
7331759ef6,त्यस बेला,9
f74f7a8935,शिक्षा एक,9
f4b035c4e4,र ती बटनी,9
7e5bb54157,यो स्थिति,9
86f45762e8,सहायक बने,9
52d67db45a,वस्त्र हो,9
0021bc4fcb,आमा री वन,9
bffbdda4bd,सारा जनता,9
f7d5541f41,संविधान छ,9
5781de7789,सम्भव छैन,9
207805063e,सेती हुन्,9
618feca826,बिसि लिकर,9
733139cb4b,सजाइएको छ,9
f007525a8a,देबघाटबाट,9
f011f99276,आबद्ध छन्,9
9e7e361388,घरमा दासी,9
6ea8369284,गरी जम्मा,9
5c7068ac97,यस लेखलाई,9
d8e44494ed,विकास भयो,9
5387192c4f,साइन गराए,9
9be2c73384,जिल्लाहरू,9
bfc6618dce,गठन गरियो,9
05b71bafc1,आफ्नै नाम,9
9c4089f8e5,थियो त्यो,9
079e996d39,धुबरी छन्,9
40bef96fac,चूर्ण हो।,9
9c3beaabc3,गरेको छ र,9
0c523a421a,हकि लिगमा,9
2092acfca2,भएर जान्छ,9
209a5f00fd,विशेषता छ,9
b1be2447d7,रहेको छन्,9
f0792e3eaa,रहिरहने छ,9
871b838099,प्रचार भए,9
2f64cd4229,अडेका छन्,9
b20ff945fd,यो जीन एक,9
d92f8b5934,गरे र अझै,9
9be60eba22,मनमा थियो,9
374943a402,विवरण छन्,9
47aa77e8bb,अडेका छन्,9
1c2f8060d7,कुल तालको,9
94ee058cfd,आइफोन फइभ,9
b89721847a,सजाइएको छ,9
2c70d39d8e,यी निबन्ध,9
78f8ad9ab5,सङ्केत हो,9
67150b029e,उनले एउटा,9
68316e7095,कम प्रयोग,9
2f3cd8d4b0,एक देश हो,9
1c6ad4fbba,भयो हुन त,9
d45f96a508,यो सहरलाई,9
49e94699fb,भइसकेको छ,9
f7b96a12e7,यसको कुनै,9
82c72b188e,यस प्रकार,9
1ecc69bc35,हुने बताए,9
0c52078005,छ कविता छ,9
079cbf8daf,यी जनताका,9
49de07ffd7,धर्म जीवन,9
2c72d68e0f,बन्ने छन्,9
0c67e7355c,सफल रह्यो,9
14d5d09e6c,मेरो गौरव,9
6e838ceb78,पोख्त थिए,9
426fbc7a52,भएको कारण,9
66ff95e3c6,यस्तो चलन,9
b1943421ce,देश विकास,9
d4741a54b8,हुने र एक,9
b5f0734e94,यही हो कि,9
a6da15d0a9,गरिन सक्छ,9
f7a03fb00d,धेरै चासो,9
bfe8bb0f44,ग्रहण गरे,9
4242a1f407,मानिएको छ,9
d8dd8a2191,रुचि थियो,9
1c58eb44a9,नाम दिइयो,9
578b9f62f1,गरे जो आज,9
424ccd2bc9,फल भन्छन्,9
97a216d245,ला मान्चा,9
f4bd967be2,मेरो गौरव,9
8721f55752,त्यहाँबाट,9
d8be4980f1,जब जीव यो,9
d20df19dc4,यसको आकार,9
14f5917160,कसैले पनि,9
207f26ca99,बस्ती थिए,9
2f8201c25b,भएको एउटा,9
75cee95143,परेका छौँ,9
b8aa461f10,त पाएन तर,9
949b6ece14,सामान पनि,9
36c13601c4,कम भएको छ,9
f76ce83a33,त पाएन तर,9
730e6b325c,किरण यादव,9
59a4833c5e,जाने नै छ,9
5fac07cf81,सबै देशले,9
6e4b945a3e,लग्न भएका,9
b19d4f10c2,जुनि थियो,9
b19aca675a,लगानी गरे,9
14eae6bcf0,यो अवधिमा,9
5854a8ae36,सङ्केत हो,9
1c536c6d2a,हो एक दिन,9
4783614f84,हुन सक्ने,9
300ae31d51,खाडी किमि,9
a66a88df01,बढ्न थाले,9
88c9d88b74,जस्तो हैन,9
8d2b96f7e7,भन्थिस् त,9
f79d038eb5,र एक पल्ट,9
d224cc81fb,ग्रहण गरे,9
b12f4f940c,यसले लामो,9
3df9bbb779,गहना हुन्,9
a6ffcb397a,थला परिन्,9
9cba6f3f8e,हुन सकोस्,9
ffa40dc081,भैरहेको छ,9
2afa931fcc,सङ्गठन हो,9
9cb71d2748,टाउन हलमा,9
1bb864daaf,यस ग्रहले,9
054148d7fd,भान हुन्छ,9
1c264149c3,यसको अवधि,9
6a2214503b,यो अवधिमा,9
a76323a0a7,यो त कुनै,9
004ddbf50c,सामु पुगे,9
2f074500eb,जेलमै थिए,9
4e8408e177,एक पटक जब,9
7603a3d8d0,मात्र हैन,9
5963f085ac,सहयोग रकम,9
9bdd239311,शरद ऋतुमा,9
74c8d5f162,हुन जानेछ,9
ef686a371b,क्रिया हो,9
a76c86f168,उपाय थिएन,9
4c09a02e50,फोन रहेको,9
1b8f7b958a,रिहा गर्न,9
57a8e408e4,नगरी थियो,9
f496d3cddb,काम गर्दछ,9
86b914bd69,भूमि थियो,9
004797d788,छापिएको छ,9
2f096381f3,गर्न थाले,9
42c762129a,पढ्दै छन्,9
d9bd89cc11,लागि होइन,9
9cc8df14d3,सहायक बने,9
5168d730cb,एक चर्चित,9
3d7962449c,उनका बुबा,9
6a1f06689e,ऊ गुफाबाट,9
e4eb97617e,खुलेको एक,9
37678a2c0f,किन्ताङ्ग,9
f84731a171,देश विकास,9
66b2f6145d,तल्लो भेग,9
7499d461d1,यस ग्रहले,9
7e8211fbd3,शब्द हुन्,9
f833b20339,पराजय पछि,9
88ae20af7a,जोडेर इबन,9
d9b51a50b4,जन्म भएको,9
946ee1b3bb,आफ्नो गति,9
b0e9daa617,फेरमा नपर,9
ef8fcfeadb,नियोजित छ,9
944f4b772b,छन् भन्छे,9
6eca3d407c,गलेश्वरमा,9
d13d11f191,वेगनासताल,9
26323b6703,हुन सक्छ।,9
8d78766ecb,आइरहेको छ,9
576a7ebb60,कालो सालक,9
14db4ce652,हल त थिएन,9
210d2ee3aa,तरूणदल हो,9
05ebfc0b76,दिन यसैको,9
42614cecb4,यहाँ मलाई,9
f81bcf4da6,सदश्य थिए,9
e3bc8b5378,आएको थियो,9
6a2d98cef8,थाहा थियो,9
6e47fb0af9,परेको छैन,9
152e4d2825,हो एक दिन,9
6e47cad16e,मोहित भयो,9
a6a0eb18ae,तल्ला थिए,9
300a6af37b,मलाई दिएर,9
86562eef26,अत यदि ती,9
59ae5be10b,जन कार्टर,9
8d75de1477,अहिले पनि,9
b9b3cc4445,डिनर बनाए,9
82909741f7,प्रमुख भए,9
2ad12962ad,ठाडी भाका,9
0c7b5c79e6,पहिलो पटक,9
8cf276ca84,त थाह भएन,9
d200a73469,के हो भने,9
94d4658486,सकेका छन्,9
1b95141119,थाई नाम छ,9
b0cad976c6,आएको थियो,9
79189eedc6,सिस्टम हो,9
59b24255f7,छोपिएको छ,9
8a01509fe1,देखिएको छ,9
e3b3dfa40a,लागि होइन,9
49b109dfc8,हातमा नगद,9
ef9aa92275,मात्र छन्,9
0cf075639d,यो एक पेय,9
5171bd5093,तब त्यसले,9
7b951c2a62,समापन गरे,9
4c05fdf7ba,दिन देशभर,9
3d64470dc7,हातमा नगद,9
828d08f31c,अचेल नयाँ,9
d2416ae977,कही जय जय,9
8895266697,अचेल नयाँ,9
8a047407f3,यस नदीलाई,9
d49ab9d702,एउटा बयान,9
2a8f515903,मेरो पौरख,9
1bcf629faa,काबिज छन्,9
6eae9206d4,धेरै बाँध,9
42a5ffbafe,किसिमको छ,9
bf9dcd339d,यो नदी अब,9
9535cf1c9e,यही हो कि,9
3d927da6d6,भेद हुन्छ,9
3753b39b5e,एक ऋतु हो,9
2a87904a4d,भतिजी छन्,9
5c74bf3502,नै छ होला,9
b612d49d90,खाली भएको,9
7b97b4fe96,पुषा हुन्,9
9b94f5cede,खाजा खर्च,9
873a311877,बढाइएको छ,9
0748e0956e,दशरथ चन्द,9
2fb660fd4b,यस्तो चलन,9
7b97f3672c,खेल हुन्छ,9
949a05f898,जब म मेरो,9
2aec756a76,देश विकास,9
b8dfd8c1f1,हुन त किन,9
ae0597dc78,भनेका छन्,9
b1054e9c57,पहिचान हो,9
d22ffdf338,भयो तर यो,9
94810daea2,रानी हुन्,9
b127102928,जानेको हो,9
efe8bd7296,गर्न थाले,9
148912afcc,काम हुन्छ,9
9c5e1dcb1f,आकृष्ट भए,9
e4b5abd8c2,स्पेसल डग,9
85d88f7b84,यो यन्त्र,9
423fe1bed6,पुरै तयार,9
597d18c5d0,म त आफूले,9
1ac87af556,मनन गर्दै,9
3766378faf,परम्परा छ,9
75ff2e98be,बनाएको हो,9
4e8821b5a8,यो डाक्टर,9
0ce9789e26,यो जिल्ला,9
0041bb2219,चलेर आएको,9
86c31a45ac,भएको दिशा,9
86c1faeff9,कर्म गर्छ,9
0ccafbe8da,टेन एयर्स,9
4bd5f176da,गनेका छन्,9
1bba254aca,लिन सकिँन,9
88b3bb704a,ग्रहण गरे,9
2fdad14e3b,मुस्किल छ,9
b0f774565b,मेसनर सफल,9
2c5f252c00,र जनता दल,9
6eb9e7c193,उदाहरण हो,9
056203cc46,सुधार हुन,9
953cbc423e,यस घटनाको,9
0036aafc9a,आरम्भ गरे,9
9c79bcd1ec,गाउन थाले,9
e3ea71233e,रिस उठ्नु,9
d183b13915,परिकार हो,9
2fc9d85295,ममाथि रिस,9
3d980bacaa,उनको निधन,9
e3e0e4a637,एक भारतीय,9
2fcc4ae108,र हामी आम,9
20e1cb19f3,मुसे थापा,9
9b8b47d1d7,मनमा थियो,9
947d8e689c,भनेको खाक,9
7bc9c37601,कोबाट भयो,9
0789d6d409,शिष्य थिए,9
4e8f21e5b4,लगाइएको छ,9
41ff9b8a97,मनन गर्दै,9
92c0efa2e9,प्रयास हो,9
dbd9378c1b,आरपी जोशी,9
5bfa070899,हातमा नगद,9
5cbb29ff39,थला परिन्,9
50e70dce91,यहाँ निकै,9
7590723675,तर पनि यस,9
85e2fef0a0,खतरा बताए,9
1a49e53db1,यसको अवधि,9
83676e9dce,स्नान गरी,9
a55146dea8,यसको फलमा,9
b54e428254,त पाएन तर,9
95c906e7a6,दिएका थिए,9
6b0bcc370a,ठगेको छैन,9
92d290b224,सृजना भयो,9
5a3be21318,स्थान दिए,9
9ed95736ee,शासन धेरै,9
5a3c99a695,आउने घरमा,9
f6b951dd7e,जन्म स्थल,9
71da800454,कहाँ हो र,9
fec14edfe1,ईसाइ धर्म,9
feb9b3b190,कारण उनको,9
f9e42365e5,उही नामले,9
50e0a789be,एक छोराका,9
57029a113f,मुख्य लेख,9
aeb33531ee,अडेका छन्,9
a5472602bf,कुल आबादी,9
49ff85e1fb,सङ्ख्या छ,9
9ed370688f,माइत गइन्,9
71d964815f,लक्ष्य हो,9
35fabca634,ठाडी भाका,9
dbb73e5c59,ह्रास आयो,9
cfd89da705,फल भन्छन्,9
7f5c15369c,अमिलो दया,9
0a054538e8,मेरो रीति,9
6b42195ff2,खाता खोली,9
4c85bb5c38,समय आफ्नै,9
ae35e94485,मोहनजोदडो,9
316a4d4c01,उधारो लिए,9
7953f03773,आइरहेको छ,9
e64bbd77da,दुग्ध दूध,9
dbbc37135e,पनि हुन्छ,9
bed3786896,गरिएको छ।,9
7f63b51a09,मसाल निकट,9
622e9be76c,झरना छाना,9
3c213d25ce,भए पनि यो,9
fa581bbc73,भयो हुन त,9
ae0744ae82,भयो र सन्,9
21f7aa065b,समचार हाे,9
5a3d5ce267,आरोप लगाए,9
e6482502a9,मूल्य छैन,9
57bf0774b8,अलग रह्यो,9
1383c7c055,जस्तो कदम,9
5a3e5a3caa,आएको मैले,9
50db0b0f4b,रसुवा गढी,9
57c114acdf,लिइएको हो,9
e247d58c04,एक ठाउँमा,9
2974138b18,रहिआएको छ,9
1e76d54843,कालो धनेश,9
8e43dcc46e,यो ग्रन्थ,9
baaa2ddf8b,लागि जिरी,9
2e793fc090,जसका उचाई,9
21f87e1c68,पनि रहन्छ,9
3175401c99,गुठी राखी,9
220c67a103,नजिक नै छ,9
63647c2365,खाली भएको,9
ae95f857fe,काम हुन्छ,9
3ec2cf4777,अमिलो दया,9
e256e710aa,बगेकी छन्,9
ed45b1a011,भनेका छन्,9
d16d756f68,कारण थियो,9
9b85595ebe,नदी पर्दछ,9
7339902f51,भएकाले हो,9
b0ff0f2f67,र कोदो हो,9
835f4f1b57,समयमा पनि,9
cfc3d6a863,उनको मनमा,9
1ced66932b,मेसनर सफल,9
6b135b3a6f,परेका छन्,9
cfc205f275,आएका हामी,9
3c28daa1a5,पनि राखेर,9
43dffb7066,पस्न सक्छ,9
d51aecf616,पनि बनायो,9
e2729d6119,मुसा नामक,9
042e22344e,एक भाग हो,9
0e86b51520,मोडेल हुन,9
13a70747cf,विशेष जोड,9
43b5bf2029,उनका नीति,9
e600979b8e,किम कुलिग,9
41f50efe5e,जारी थियो,9
29a0c46af0,यहाँ मलाई,9
46f9dfe013,पाँच रनमा,9
cffb4628b7,एक चरणलाई,9
85fbeafe4c,मानिएको छ,9
38045b4b00,बन्न गएको,9
6b057d777f,त्यो होइन,9
6f2c3685b7,शुभ योगको,9
f17f03250b,घर यही हो,9
f926fd30d4,पनि गहिरो,9
0bc25f1ff2,छैन भन्दा,9
ba60e5aff3,केटी साथी,9
2028dbd40d,उच्च मावि,9
3c5b2fa392,कडा कानून,9
4ab412e049,वर्षे मकर,9
3c62e9df6a,मनन गर्दै,9
0e631bcb64,भएका खनाल,9
88fe6b9ae6,हुन जान्छ,9
ed7320c0e3,छ कि लेबर,9
53fa581cf2,गाई देखेर,9
0b9314771c,एउटा बयान,9
af06d046ad,एक रोग हो,9
86113d2ca5,घटनाले मन,9
71ee5bda78,कानपुर हो,9
37fc133ab5,गरे जो आज,9
53f6dfa69a,विख्यात छ,9
37fd44cc65,पहिले यता,9
43df93cc64,बन्द गरेर,9
8a9e9385c4,पारित भयो,9
042de2b1f8,दिएका छन्,9
1a79ceab74,पनि राखेर,9
6af1f365b2,जब नै उनी,9
6436a5fd6e,आबद्ध छन्,9
85f9869844,समिति हो।,9
e2ae3faf97,नै खुल्दछ,9
f96dd7dd8a,छन् ती एक,9
fa63cdb9e5,नाम हुनेछ,9
7e006849b7,काम गरियो,9
f6cd7f824d,मिलाई दिए,9
9e7796e011,च्यानल हो,9
1cd8a0bd51,पढ्दै थिए,9
043749f2d8,भैरहेको छ,9
3c56d2ec8f,लेखिएको छ,9
9ad06e2fa8,खडा हुन्छ,9
1a5a072038,उदाहरण हो,9
767f7f8047,पुरा गर्छ,9
757dd48730,सही हो तर,9
8e25f4c969,मोहित हुन,9
e278db74ae,गाउन थाले,9
621fedcdc2,युथ लिगको,9
9eb069fe84,यस स्वरको,9
9847ff55b6,आनी हुन्।,9
bea75b5bed,काण्ड छन्,9
0b8660d0a2,उचित छ कि,9
7f3dc654c1,एक पल्टमा,9
46ee420dda,के हो भने,9
d2a71db262,खाएर फेरि,9
043c7c0391,जन्म समूह,9
92f4f04283,कम्पनी हो,9
e612f37a60,एक कलाकार,9
6219edb92e,ग्रन्थ हो,9
6b126fc49a,लेङ्गा हो,9
46b7546365,नगरमा छन्,9
9ee22112ec,थियो त्यो,9
d51a8ffac5,खास रूपमा,9
787e55d189,छैन त पनि,9
f522721cb8,थियो त्यो,9
494e6b2119,भेद हुन्छ,9
7472b5600e,आएको कुरा,9
4a730f02bc,यस्तो चलन,9
95bf85b508,पाएका थिए,9
db9a0c8a51,सहादत पाए,9
6b01429623,यी नदीहरू,9
60abf310a0,खेल्न पनि,9
e619030a3e,राज्य थिए,9
b56ba848ee,कुल तालको,9
7f8f4e90cc,गरिने छैन,9
b537ba1cf3,एक छोरीकी,9
7f97934a46,कालो कपडा,9
010aa196c8,तोकिएको छ,9
7f8e13735a,कृपया समय,9
35c7340c38,दया पलायो,9
19f1f91045,यो सुविधा,9
9f4b18bc62,पोख्त थिए,9
063f0660f3,यो नदीबाट,9
46f4812553,एक छोराका,9
a568a27443,जावाफ दिए,9
e681d5cc0c,र कोदो हो,9
aed66f1ac4,जसको कारण,9
f18705f85c,तर्क छ कि,9
b6678f70ec,यस नगरलाई,9
ae395aea81,रक गीत हो,9
cf8c98dfb5,देश विकास,9
03e56896f1,भएको रहेछ,9
f1c1e72f32,गरेर समेत,9
a51003013b,आउँ पर्दा,9
dc3fb5d0c2,फल दिइन्छ,9
837de2e780,कडा रूपमा,9
1360cd1b02,बाथ ज्वरो,9
35cce06ba6,प्रकार हो,9
163de78ae1,भन्ने ठहर,9
e674a387c8,यहाँ मलाई,9
50cd1c0c76,थिए र उनी,9
fa45b525c9,जावाफ दिए,9
9f35f8ff9c,यस नदीलाई,9
bacbdf62fc,क्रस्ट हो,9
719be257d6,पञ्चशीलमा,9
4f35927188,फल दिइन्छ,9
9f39d14679,ठगेको छैन,9
03e34e9f94,यो नदीबाट,9
31ce3001d2,उनी अहिले,9
dc5b1c38cc,लिंदै गयो,9
ae891a61e8,राज्य थिए,9
6f68d946e4,लग्न भएका,9
56ff55c9ca,मोहित भयो,9
b674d175aa,उदाएकी एक,9
cb3f5fb6cc,पृष्ठ पनि,9
16566cb2b5,मो जिंगमा,9
2944761789,पनि यसलाई,9
ec8c0dfeb6,बिसि लिकर,9
6458a6717f,अडेका छन्,9
a8e76be8fd,हकि लिगमा,9
85b5e64746,जस्तो छैन,9
a4f9c3546d,तिमीले आज,9
7c7e1b8884,मन्दिर हो,9
a52d59d075,यसको आवाज,9
cf5ab5a019,सबैले वीर,9
56ebe2954c,जगाइ दियो,9
1d186c9377,वास्‍तवमा,9
e69ee04505,यो सहरलाई,9
4e2a634219,सार्थक हो,9
7ad3438f02,तिन दिनमा,9
f1cc8a3a3c,जेठा छोरा,9
31ebac7197,उपाय छैन्,9
eca50e3e8a,ती सबैसँग,9
eca4c33b11,रुचि थियो,9
3852cadcb5,यस्तो पनि,9
f1c81a5c07,यति हो कि,9
bae846926d,मेटिएको छ,9
a4f8629bfb,विवरण पनि,9
582eecaf83,उनकी छोरी,9
fa59c0e8a3,एजेन्डा छ,9
a8e1538237,रेलवे सडक,9
e6912cce82,आधार बनाइ,9
39a8f52386,पराजय पछि,9
7cd5baa555,पढ्दै थिए,9
76a761c57b,जिकिर भएन,9
8c88875095,धेरै खराब,9
cfacadffa9,थालनी गरे,9
3ed1e2a558,प्रचलित छ,9
dc37bcdbd4,उनी भन्थे,9
ae3f6e356a,मिल हुन्छ,9
623da3083c,सँगालो हो,9
8c9cc7d2c8,बनेका छन्,9
dc06118265,पृष्ठ पनि,9
382943d158,यो पुस्तक,9
ae15555ad4,गरे जो आज,9
fe8594ed95,कथन गर्ने,9
6dc25fa4e5,उनी रेलमा,9
4e92270efa,तर अब आएर,9
0eca53d91f,पूर्ण भयो,9
f53b6f6566,लागि मैले,9
e657e1634c,शैशव यौवन,9
43f8e619a6,भाग आगमको,9
0ecb9c7c65,यसको आवाज,9
cfa9388bc0,मनोनीत भए,9
ecf71f43ac,लामो मापन,9
0ecc7a0c49,हाम्रो मन,9
660199a3b1,पनि गर्दछ,9
0ec611f008,मिल हुन्छ,9
4c9048f177,रेलवे सडक,9
d7790d409a,रुख हो तर,9
9f0a6272b0,वेग आनन्द,9
cb0902ccbb,कदर हुन्छ,9
6dc577b141,होला कसरी,9
4f222948bf,स्थान फरक,9
ae8800beb0,नाम बदलेर,9
22133cdca8,भाग आगमको,9
cfb596954e,हात रह्यो,9
7f706f47cc,भएको र यो,9
ae8630a953,सेना तयार,9
cfb4b99ac1,खराब हावा,9
dbeda469e0,मनाइएको छ,9
598147da98,एक तपस्वी,9
9f010b1a1b,अवश्य पनि,9
1a24348826,एक पटक जब,9
ed0ac0724c,टोपी दियो,9
757a1aab3d,यो रोग एक,9
d2b8f6f646,सामेल भयो,9
411bbadb5b,रिस उठ्नु,9
bebc0e97a3,गरेर फोटो,9
3da0305bba,चल्न सकेन,9
36d39051c3,पस्न सक्छ,9
ae4e17b12a,तर पनि यो,9
1adaa90772,यसमा भएको,9
dc2406abd1,नजान समेत,9
5a4bfa20b9,उदाहरण हो,9
ae49dba78d,भए देखा त,9
7f859426f3,गहना हुन्,9
65fff70af6,महकुमा हो,9
dc2f84d8a6,कसरी खुसी,9
cf9787bdc8,आमसभा भयो,9
7aecb88742,मनोनित भए,9
d5272203ef,लेखिएको छ,9
7aead18493,होला होइन,9
f3fade2c13,आठ टन सुन,9
ae40172b03,आकाश गिरी,9
9f280b02ed,हजार थियो,9
6f57c01e3a,शिष्य थिए,9
35db8426b8,र अकूत धन,9
f6a6ad24a8,आज पनि यो,9
511e0f9f01,पस्न सक्छ,9
26794c8c16,वनमा पुगे,9
b2e508c0c6,कम हुने छ,9
43fe93035f,अचेल आयात,9
ae6483a59e,घरमा दासी,9
795f1cf953,मिसिन्छन्,9
35db415286,भनाइ छ कि,9
a522055930,हजार थियो,9
46c38e038a,चरणमा परे,9
57c22a6d30,यतिका दिन,9
ae5b487425,सामना गरे,9
481c59f96e,सफल रह्यो,9
73863df81f,बताइएको छ,9
ede3570fcc,पनि हुन्छ,9
3636b8d641,पढ्दै थिए,9
135499c1b7,आएका हुन्,9
20154c3fe2,मानिस आदि,9
beb90348e1,झरना थापा,9
047117b95a,आशय के हो,9
37e437c070,खाली भएको,9
7cbfb9b4c7,केरल हुन्,9
6657eb9672,अभिनय गरे,9
8a94786f8f,निभाएको छ,9
9829613fdf,सङ्गठन हो,9
db42b23d2f,लिखु हुन्,9
6de9e118cc,अफ्नो तेज,9
ae5e84f7d6,गरिने छैन,9
5a4d697e78,पढ्दै छन्,9
07552bcea4,भइसकेको छ,9
ba2ee8e2ab,भएर जान्छ,9
d291c3e856,नै पर्‍यो,9
e2d37c25b9,मान्य भयो,9
b657b77eec,सफल पारौँ,9
af87d3dc9f,भनेका छन्,9
fef852a535,ज्ञान भयो,9
b652a30637,यस आधारमा,9
6ad31740c6,यसमा भएको,9
30b6f9dca8,आएको भेरी,9
ff0f95d7f0,यो रोप वे,9
495f1e87d9,विख्यात छ,9
9e1200bebf,वध गरिदिए,9
1aaaf02fbf,यसको पानी,9
6ab6866cbd,किशोर आफू,9
caad989ea2,रहेको छ त,9
592555c9e2,आदि युगमा,9
9363772ca3,नै भएको छ,9
0df7ac8f86,खतरा बताए,9
8df9ad5850,उनको थियो,9
0df927a91d,मिसिन पनि,9
5a15cdb94e,एचआर गिगर,9
f6a45bd49b,बस्न सकिन,9
92b3a04bc9,जानु होला,9
2524b9fa03,कमै रहन्छ,9
2012d1b9d3,यो अभियान,9
0e3d9e4f46,जरुरी छैन,9
d029812d0a,घोडा दियो,9
db310d7925,जिन छ भने,9
15d7fb8cc5,उनी भन्थे,9
571b6c5417,भाव हुन्छ,9
7f23ec4438,भनेर राखे,9
932fc2a7d8,विशेष जोड,9
ba39447ee2,सुझाव आदि,9
2c3bde6684,प्रचलित छ,9
db572c22cf,गर्दै थिए,9
d0204bc889,ताल र लवज,9
e2d95b5df2,हरेक वर्ष,9
436a31bc6c,टोनी एबोट,9
1a9d8c470a,मुसे थापा,9
edffc61f5b,अचेल नयाँ,9
30cc75e6a7,घोषणा सन्,9
6ddfb1731f,फर्म खोले,9
f6e9de2417,अफ दि इयर,9
e2d4d0ea8c,जेलमै थिए,9
9e3b347ee2,उनकी छोरी,9
0e0e060c74,जगत् जननी,9
ba4650709d,भएको रहेछ,9
e5d31b8274,आयु पत्ता,9
30d18e5948,थाहा थियो,9
5a0fd3366d,टाढा पर्छ,9
caa5561a6a,माध्यम हो,9
6ac473807f,गर्न सक्छ,9
5efe36e1c1,यसका लागि,9
30c41eaf80,सही हो तर,9
bf13801acb,आउने घरमा,9
af0c9a9f1f,यो ग्रन्थ,9
e5da30be19,खाता खोली,9
4713665c32,बाबु थियो,9
ba222d734b,यो सहायता,9
7bfa155bc8,भाको थियो,9
0bd9fb9346,लुप्त भयो,9
ba1defcb71,भए एक दिन,9
8a8d49d12a,कान थापेर,9
ba1aa5a066,भाले माछा,9
dafd2e8366,गर्छु यही,9
26763d17c4,थिए तर नव,9
f94d010470,जस्तो हैन,9
7b262bb43c,एक अंश हो,9
253e95609e,काम गरियो,9
9355e9976d,विश्वास छ,9
15c41983cd,मैले निकै,9
2677e6c488,भएको एउटा,9
6156b08ad2,कुनै होचो,9
db203def5a,यो ठाउँमा,9
52b44d2a8e,मुख मैथुन,9
9757b085e4,भान हुन्छ,9
363af8ce9d,परेका थिए,9
765fc9b107,समाधि छन्,9
66465ec9ca,सबै देशले,9
b7d76e4ca1,भएका खनाल,9
511387463a,टोपी मैले,9
0bd3f78c45,पढेका थिए,9
680553452f,फल दिइन्छ,9
f9571a2531,मन्दिर हो,9
0bd49dd984,सङ्केत हो,9
97575883ee,विरुद्ध छ,9
975ad1001b,पनि हुन्छ,9
9b03352508,हुने थियो,9
4385988562,संरचना हो,9
db0da0f2f7,तुला राशि,9
0e0fe81d84,लामो मापन,9
29d128860b,सालको मदन,9
daf4a288af,एक परिवार,9
bf1be4dfcb,दशरथ चन्द,9
41f93da24c,यो दोस्रो,9
89a4be345d,परेको छैन,9
69713b52b3,समापन गरे,9
7dc9e8b82b,जस्तो कदम,9
00c10087a4,गाउन थाले,9
9e1a3db788,एक खेल हो,9
ba289e5af8,यहाँ आएको,9
f973cd5339,भयो तर यो,9
37e00d9293,घोडा दियो,9
b7c8136d1e,वास्‍तवमा,9
71fa2f4c22,सँगालो हो,9
5cca376c10,जन्म भएको,9
edac17fb31,पनि यिनको,9
ff1df4505d,पूजा नामक,9
049cb42eef,ज्ञान भयो,9
8e02130571,विकास हुन,9
40720d873a,अग्रसर भए,9
d05d40e44d,समय आफ्नो,9
931e4f8285,लिएको थिए,9
974fcffa03,सम्भव छैन,9
9833dd26aa,रक गीत हो,9
8dfdc729b9,पनि उनलाई,9
931f46caf7,पुरै तयार,9
8e00d29dea,फर्म खोले,9
535506b878,अधिक जटिल,9
53e2b03350,सहमत छन्।,9
95b41fcbe2,स्नातक भए,9
db6bd0b722,जिल्ला हो,9
bf14e3b077,वनमा पुगे,9
d05b2d24bd,लिखु हुन्,9
1a8e957e5f,हुनुभए अझ,9
cad35660a6,गरेर समेत,9
202ca54972,र कोदो हो,9
47ec1e8e26,सफलता आदर,9
3c6c4767ad,पत्र लेखे,9
bda49d6073,हात रह्यो,9
15df1914a9,सानो तलाउ,9
822623b661,सामु पुगे,9
1adca806ac,विशेष गरी,9
ed9b8940a8,रूप लिन्छ,9
4c6f227e95,दिएका छन्,9
5f095d327d,नदी नै हो,9
5bf190cd3c,कालो कुरो,9
6758fe55e5,आदि युगमा,9
d7bca5a2a2,पाइन सक्छ,9
6aad568b7d,आफ्नो गति,9
931aba5c25,यो कुरा म,9
4705cf1376,पहिलो दिन,9
f300aa281d,हटाइदिन त,9
0e4407d431,गरेर नयाँ,9
959a6433a9,लगभग समान,9
8fa9cc12d3,भाले माछा,9
822abbda2d,परेको छैन,9
89afdd9ae4,विनाश भयो,9
fa228f53e4,साबित भयो,9
21ca0c704c,कालो सालक,9
ba477aa195,फल भन्छन्,9
786fa95ed7,यो एक सफल,9
4708d12882,आवेदन दिए,9
1ad9da5b43,गठन गरियो,9
f44cc6454b,क्रस्ट हो,9
f981c730ce,कलर डु यु,9
36a49c6124,यस पछि यो,9
4362762161,पाउनु भएन,9
407200c84f,नेत्र रोग,9
439611a9c8,दशकौंदेखि,9
5891f78edf,सुरु गरे,8
5597102be4,तयार भएर,8
364bd88bf3,खेलेको छ,8
15039c5da1,एक उत्तर,8
fd4dfbabd9,यो नै एक,8
a9045fb1d2,पट गुमाए,8
5ba6c17e9b,सन्त थिए,8
a83a624b88,गर्न पनि,8
bfdd0f0597,शुद्ध भई,8
37c0cd548d,सोही दिन,8
70059d7d0b,फाँसी दे,8
47b0774cb4,आरएएन मा,8
dd8302d049,हात पारे,8
e1d87e244d,भएको छ र,8
5545ed2208,पवित्र छ,8
326c68e5fa,खर्च आयो,8
f5103f4f67,उनी निटक,8
8d404c952c,एक गण हो,8
a97ee5b240,मध्य कान,8
ca87c4f9f3,पूजा गरी,8
7d15fead0b,कम से कम,8
e8a0c934f2,स्टोर हो,8
5cbce3f624,बसोबास छ,8
6f70b1a388,यो जग्गा,8
b53c95d176,उनका कथा,8
1f2ada548a,तपाईँलाई,8
16e1feed9e,खर्च आयो,8
6ef95c497b,सभा राखी,8
37b6569d57,त्यस बखत,8
17827e42fe,सही थियो,8
07f1a28611,एउटा पनि,8
4a98106b33,मोह थियो,8
570c607f35,नाम थियो,8
88b75247eb,भर पर्दछ,8
28e99d67c8,पनि थियो,8
a6fa924059,स्थान हो,8
bf43692069,माथि छन्,8
a517c6fa3e,उनकी आमा,8
e853be3186,छैन म एक,8
24873f2277,पट गुमाए,8
a32665ec72,यसो गर्न,8
e44ca2369e,उनका साथ,8
354094f641,छ र थियो,8
e02ede9c7c,मत दिएको,8
6d004fadda,छ अनि जो,8
bfa4c704df,होस आउँछ,8
07955c3c5f,ठोस आधार,8
e774196c81,पनि थिइन,8
8c94b62a8b,शिवको यो,8
6ef7ca86d1,गरेकै छु,8
16343eb28b,कालोबंगा,8
8c7cc1f5d9,साबित भए,8
1e0315a6b1,कुनै फरक,8
17788f28af,आइ लभ यु,8
64e6189206,मौका पाए,8
cbdc9d7825,पनि मैले,8
d585a40d1a,गरेको छु,8
2c3f3a13c7,डराउँछन्,8
8377d9d64c,गएका थिए,8
79ca2e56df,स्थिति छ,8
bfadb7efd1,दुई रकअत,8
b64728cc2e,उचित भएन,8
d593bed366,शाश्वतले,8
a6aa711cd4,निधन भयो,8
a5a9755b0b,मन जित्न,8
162e59a397,कसो होला,8
4848f3319c,एक थर हो,8
74f9e5abce,वितरण हो,8
14c54864eb,विभेद हो,8
81dca41ef7,ब्याज हो,8
1ef602a9c4,आउन सक्छ,8
a734bedc29,बहस भएको,8
387ae8218b,छेउमा गए,8
f399f3f46d,हामी झनै,8
a4048ee869,सहर मैले,8
a80d834716,हो तर के,8
a6d6624d87,मनुको हो,8
5d7f35f650,यस पेजमा,8
889c3cc128,अनुमान छ,8
8c350578e6,तल दिएको,8
018206cef8,एलेन पेज,8
aa872eba24,गरेको छ।,8
25ed2e9e7d,लकी युमा,8
b51a3719ab,आइ लभ यु,8
837f395c3a,होला पनि,8
bfe657ea38,वाला थिए,8
a5d900de6e,काम थाले,8
8881334deb,पनि त कम,8
a81dd4eaeb,अझै खत्म,8
ff2aa2a790,डाँठ पात,8
981efec826,परिचित छ,8
402f73884d,मेरो साथ,8
06ee274937,कटौती भए,8
35aeff0269,दुबै जना,8
12af95444c,अवस्था छ,8
e42651b9d2,आदि थियो,8
e6ad0560f5,यो हलोको,8
4ea5b81d3c,यो भाइरस,8
a4ee0700d9,एक पाउडर,8
1667d7a375,थाहा पाए,8
e6b7363664,आएका थिए,8
2c277c699d,मेसिन हो,8
fdf6aa9148,यो कार्य,8
346e8e5cfd,पर्सा हो,8
4a8ddb88fa,असफल भयो,8
383b904467,पोप हुन्,8
4db970a164,उता राजा,8
254446b0fd,गएर उनले,8
06eca8c2a8,नाम थियो,8
1e536fdaef,यस एफ एम,8
2719670b0d,कालीमाटी,8
46bc18ab5e,थपिएको छ,8
e5cd4ded17,जब कसैले,8
136b994245,बढाएको छ,8
e58c09e23a,स्थिति छ,8
a81c0de9ec,लागि पनि,8
6f075a95c1,कावासोती,8
6328b99041,आकृति एक,8
36f71e321a,दूरीमा छ,8
d47b784842,नै रहन्छ,8
4db88b4bf8,अनि कोमल,8
a8f5aac836,समिति हो,8
d46d33cdbd,सहर दियो,8
7c6456dcda,आएका किम,8
e779f56cf4,पनि गर्छ,8
8921260225,मनुको हो,8
e692511b95,यो हलोको,8
4dc36006ba,सहन नसकी,8
a8fe89967d,माहिर भए,8
26e5cbac41,लावादेखि,8
397d94cf6f,आगो लगाई,8
8c346166a9,केही गलत,8
e1308ba15b,यो गलत छ,8
d47003f018,जीव हुन्,8
a413cea13c,अलग थियो,8
8921b0780b,रन बनायो,8
ff389afc26,र अझ बढी,8
e144ee85c7,आदर्श एक,8
e229039b4f,वस्तु हो,8
e3187530dc,किङ लियर,8
6db0a06275,चलन थियो,8
5609997bef,अर्को एक,8
a8f2385adb,यो विकास,8
469a9a8a6e,यो स्थान,8
f4c077d205,अनि कोमल,8
35511419d5,बनाउनु छ,8
96cb91a853,अनि कोमल,8
cb5b38a86d,पहिरन हो,8
4eaa04e864,हुन त एक,8
b61f5c048b,आएका किम,8
01530251eb,खरिदमा छ,8
9777ab40ac,केही गलत,8
172d17d75e,रूप लियो,8
a77b5f6eb4,दुध दियो,8
352eb3d69c,जीवन पनि,8
347b09f423,अत समय र,8
be7b0b2b8b,गाई बाछा,8
372e32d7ef,ब्याज हो,8
a6e2dbaaef,यस नदीको,8
7cd545958d,चढेर पनि,8
26d8a7f7a1,यस पेजमा,8
f3eb915f51,मात्र हो,8
4723298177,खुसी छन्,8
6e6f55b047,गठन गरेर,8
24da013939,केही गलत,8
47fbb2b233,मेरो साथ,8
8c8dfe85a9,वितरण हो,8
e7f871fb66,जारी गरे,8
f4d2d726f0,बाण खोसे,8
4af7940622,पनि हुन्,8
4ae21ca8f9,पहल हुने,8
00ddd2113d,हि इज नट,8
88f9318b22,सम्झना छ,8
2c14e1e0b1,धनुष लिए,8
bf0e283d62,हुनु अघि,8
9847ae4791,विकास हो,8
a88728b2c0,उठेर आयो,8
bf776a7e45,हुन्छ कि,8
be52a24ba6,वस्तु हो,8
e19b615755,पनि थियो,8
feee7d37e9,एक गाविस,8
ca5e361b09,हनुमानगढ,8
7989123cb6,औसत थियो,8
835bc850a1,म पटकपटक,8
a38c3bc4c5,नेपाल हो,8
68122a19a3,निवास हो,8
4034ee4bf0,पुरुष एक,8
79aaa369e7,भएका पेय,8
fd7ecc0254,काम थाले,8
88dfa8a29a,गहुँ तथा,8
48664bbcf3,हुने भयो,8
1ec55c3312,बताएको छ,8
a565acc4f7,र अझ बढी,8
8271cbd666,म पटकपटक,8
e54f3a2eb0,यो कार्य,8
a61fbeb831,आत्रय हो,8
00893b5260,जीवन पनि,8
e17e014d9e,बताएको छ,8
96e15f1522,परेको हो,8
2508efb5bb,पनि आमरण,8
a89a46ca08,कमल एउटा,8
746f8a2a52,डराउँछन्,8
3810a7d522,अवस्था छ,8
840014e6ed,त यो महल,8
a60adb5183,चलन थियो,8
8cb19f1140,नजिक राख,8
fd9a3fea67,निजगढ झन,8
ca34732c21,यसका सबै,8
a95d3f413c,शिवको यो,8
97410c612a,एक गाविस,8
e0fbcf7e79,सिरक दिए,8
07d6fd8d71,आधी आकाश,8
5be13d0321,उनी निटक,8
6d1ae07122,जाँच गरे,8
fdae960342,सुत्ने छ,8
6d20d9e3b6,टेलर वान,8
e3ada321e9,कुरा गरे,8
cc1e01602c,नाम थियो,8
4807577633,बसेको छु,8
d40f0a14a9,स्थान हो,8
a469e7d726,गरेको छु,8
4f80c80a2e,एकसाथ आए,8
a7935b6f60,जन्म भयो,8
a5b62c3866,सय जातका,8
12bd76fdbd,थिच्न मन,8
cad48e30f0,अझै केही,8
55a052b1cc,मै छ भने,8
1ebe7b865d,एक मिनेट,8
55164b60c6,थालेको छ,8
1717d67de0,निवास हो,8
0a7fdbd9d9,डर भनेको,8
40ad4d8488,छेउमा गए,8
b4f298fcb6,अन्ना यस,8
8d926f147b,पनि थिएन,8
0149c4e3e7,वाला थिए,8
d4b5c3864e,रगत आउने,8
d4b565b2bc,त आएँ तर,8
2d124979db,उचित छैन,8
835208db99,क्षमता छ,8
6ed3bc2ab2,पत्थर हो,8
63131672c0,परेको हो,8
412ebfcf44,यसको बोट,8
7475c51253,खत नै हो,8
a7832e99fa,भएमा खेल,8
cb254f6001,जननी पनि,8
1e74c049fb,ऐतिहासिक,8
e0dec1f67d,खत नै हो,8
d56f33aa37,गरेको हो,8
cbab94d98b,तर जब यस,8
8f819f9d1a,विडाल सर,8
00df1b4b51,आयात गरे,8
4ed4c29c65,यो देशकै,8
00628163d6,सोच थियो,8
5c230f7e0c,गिरिदेखि,8
783277a9e0,गरी भोजन,8
742f260ddb,लेखक तथा,8
feeafa3ffe,झा चुनिए,8
b4ec02da3d,मत पनि छ,8
4e4bd42adf,सारा महल,8
a63e29e014,एक बन्यो,8
e37780982a,कालो काग,8
798c8b9bff,थाह छ कि,8
6f41765e90,सबै भाषा,8
7cc4ceb1be,छ अनि जो,8
aa57c45369,बढेको हो,8
1f098a163f,पनि थिएन,8
0152c5e33d,पुरुष एक,8
b6b26ea51a,यो गलत छ,8
07cc1cd8b8,भएको छैन,8
378270a177,एक बनिन्,8
78be210cff,पनि केही,8
412dcf459f,जेल जीवन,8
a383de8f79,यसका पछि,8
84060f5324,मै छ भने,8
fe19e6543b,यस मध्ये,8
1f21746d51,सुरु भयो,8
07fcf7d5c1,यी त अझै,8
3783a0c911,पनि होइन,8
fe11b83d3d,सधा मादल,8
6e4934aa1b,सङ्कलन छ,8
24c12e0b07,इच्छा सब,8
12716b162d,डा एच एस,8
81b3d34571,पदार्थका,8
cbfce5db44,पछि भएको,8
fd62e4393b,लामा छन्,8
a9bcb111a6,भएमा अलि,8
8cea065159,गदगद भयो,8
6dec3c40ba,भएका छन्,8
787196838d,हुन आउँछ,8
ffb90e4e8d,सबै भाषा,8
bdae5d3f9e,भट्ट हाल,8
478ba44836,एक छविका,8
375a3ea2fc,माहिर भए,8
2628e284ca,सिरक दिए,8
e0c2ee2e91,खर्च भयो,8
003486bf21,एक पाउडर,8
36795ce8c1,सेवा गरे,8
a85f802ce7,यसको जरा,8
11dedd31fd,यसका रूप,8
7c0a59ec7a,अब म यही,8
a720f605b6,ढाकेको छ,8
4f46caedfc,के गर्छौ,8
d597fb085b,यसका पछि,8
be5a3e41d1,त्यस बखत,8
47b9e00c7b,बबल चिया,8
6f916906ae,रूप लियो,8
f4ff310019,जित थियो,8
f49d151add,बताएको छ,8
4dcf4e7af0,साबित भए,8
75164285b8,कुक टापु,8
8d4c869476,पीडित भए,8
d593e66d90,कति असफल,8
b5d318e2ce,गएर केही,8
1621dd8d44,दुई दलीय,8
be61bdca86,गएर उनले,8
26ecf3fa7e,काम गरौँ,8
e5da580585,समेत गरे,8
1417e67064,बढी पानी,8
4e94954967,संगममा छ,8
36c805c14a,चलन थियो,8
4f8c38dfbd,राख्न मन,8
12890d5c37,काव्य हो,8
5c74c756e4,र अझ बढी,8
a3ceea2199,डर भनेको,8
fd5bdbc22c,साथी बने,8
148660ac65,रिस अब त,8
5c88c3b09b,छ टिमहरू,8
a9ca2fa9c4,आँपको फल,8
8f44f2e72a,गुण भएको,8
16851422b3,हुनु अघि,8
00994de24b,यहाँ जान,8
7c91a19a90,त्यस बखत,8
351d7ae7ec,सेती नदी,8
1409e5af4c,हमला गरे,8
78d683a701,पदार्थका,8
6d64a3bca9,अधीन गयो,8
148000a09c,यसका पछि,8
bf916b444d,उपलब्ध छ,8
878de4082d,रहमान हो,8
f6b3424779,हुन्छ तर,8
1464edba50,दान गर्न,8
84134128d9,स्टोर हो,8
7985dd6529,झोडा पनि,8
8da682dfd9,पनि त्यो,8
79138a0d4a,छ र धेरै,8
b4e45735c3,जानुहोस्,8
b680f64d85,मालिक हो,8
bdc6396354,एक बन्यो,8
389b98e3d9,किताब हो,8
1226b9d8bc,सोही दिन,8
152418f318,चलन थिएन,8
e0a176ef05,यो कम हो,8
243aecfb94,साबित भए,8
2954c84dec,जेल जीवन,8
5e9fd1b7dd,एक गाविस,8
d4c9c0ed91,उनको आमा,8
fa4d0ba510,नयाँ कदम,8
cc01be4f5f,भनिएको छ,8
b488053415,विफल भयो,8
d4a07b1d7c,मनै थिएन,8
83678ca985,निवास हो,8
cbafd40ff2,गदगद भयो,8
46279eda0b,उचित भएन,8
13bc1b8472,छैन म एक,8
67e72505bf,पुगेको छ,8
55c319e58b,र न कुनै,8
146515b0ec,हात हाले,8
3514fdbe26,बसमा छैन,8
550f34b837,योगदान छ,8
e4d933485d,बढेर गयो,8
64c92b493d,हनुमानगढ,8
bdb2b8ba9e,गलत वर्ष,8
879a2ee9bb,जाँच गरे,8
358c6fa462,सबै छन्द,8
d5c0d2e2fa,सूचक छन्,8
6ff614cd70,तयार भएर,8
00bede9d9a,मन जित्न,8
780a594725,शिष्य भए,8
550f1533f0,नै रहन्छ,8
146cfd7b65,सुरु भयो,8
b5cdb59724,थाह छ कि,8
a73d9a817c,बोल्ड भए,8
ffac61ca8e,राखएको छ,8
990396e6eb,चलन थियो,8
e4e2def3e7,छ टिमहरू,8
a8462da43d,किरण गरे,8
6f4a94d230,कुरा गरे,8
1e9a2d5988,पाइएको छ,8
35e7d9d829,पनि केही,8
bdf7da38d0,र न कुनै,8
2c8860d1ac,ब्याज हो,8
8ead14819f,मिसाल हो,8
008fe722ca,पनि त कम,8
36cac3de2b,धेरै छन्,8
7806149739,जसको आयु,8
dc3f33fec7,सुरु भयो,8
22171c1942,दोहोरियो,8
29a92be4d1,अदालत हो,8
41541910db,मत पनि छ,8
676850d20c,लामा छन्,8
220cff5cc2,पीडित भए,8
8ea0343f4b,सरदर आयु,8
046178eebc,मुक्त छु,8
71bd1d5fde,दुख दिने,8
22188bd9f7,उनले भने,8
749e9bf324,अभाव भयो,8
3ea362936e,हनुमानगढ,8
43e663ca5f,एक भन्दा,8
e274a27d48,कालो काग,8
5c395a84c3,तन मन धन,8
5710818ec2,काम गर्न,8
a7c00d4609,तिमी सबै,8
656eb205eb,तिमी सबै,8
fa48b3a0b7,पनि थिएन,8
cfab84770f,पनि थियो,8
85e50f8fe1,अङ्क पनि,8
ae86cb8f64,गरिएको छ,8
ba91c944bf,पछि एचवी,8
cfbafdb241,पनि भन्न,8
aeb3ee489c,को होइनौ,8
ae8f0d684f,पनि एक न,8
dbb9770722,जेल नभएर,8
7c09863195,संगममा छ,8
ecef357b2c,इच्छा सब,8
ed24a95d3c,विभाग हो,8
9ee0c62955,हो म अलि,8
f1a71c0426,मत पनि छ,8
3c2f2d2d09,जानुहोस्,8
9ed37f6c88,तानेको छ,8
d78e9d2a22,महिना हो,8
d5177e1485,शासन गरे,8
b7a1295244,यो एकदमै,8
43d7601308,संगममा छ,8
570219e39a,और बब्ली,8
bae034b688,अनेक रूप,8
ba930d5c71,ढाकेको छ,8
fa5a1b815b,गएका थिए,8
43d3bb1629,पनि गर्छ,8
85ae1ad07e,रहेको एक,8
f19d62ba1e,भोगी थिए,8
85af03134a,खुसी छन्,8
b2fd2d9b87,एक खालको,8
d59ae71827,सङ्कलन छ,8
bdb9936d22,अनि कोमल,8
6610328c92,यो तौलको,8
92788eee28,ती आमैले,8
683b5d629f,दुई छोरा,8
89972f6882,मध्य कान,8
dc56eaceb2,तर जब यो,8
a973bbc6a7,भएका छन्,8
a9df1551ef,र न कुनै,8
44740ba1b0,एक गाविस,8
82ed2ed304,हुन पुगे,8
44b6a0c121,यो ढाँचा,8
52119aeef3,कुरा गरे,8
cf8d6d2599,खर्च भयो,8
7ae5b5906a,नदी हुन्,8
65ffdba948,अब म यही,8
9a9f3c8267,हात हाले,8
694412fc6a,नै हुन्छ,8
1a039c967c,लाउनु हो,8
2e6a11d9e4,जो एएनसी,8
3c05d05833,दुई दलीय,8
b7ab14bbd1,कालो तिल,8
9f22983ef3,क्षमता छ,8
bab8b9e6f8,पञ्चावती,8
3e962cbfb2,थोचो आदि,8
5a3e19d5a4,जारी गरे,8
1987cd8473,दान गर्न,8
0ed94a3e27,खर्च आयो,8
3c0a9959ce,पर सर्नु,8
cfa7416dd1,मध्यमा छ,8
67c15d5843,और बब्ली,8
719c3ba176,पनि छिन्,8
71fc2ba9c7,जेल जीवन,8
3c6bd7212b,एकमा मेष,8
89a0ec43d6,लिइएको छ,8
eda1c1c94e,तानेको छ,8
7f30f8753a,यसका रूप,8
9aea436b47,परिचित छ,8
d0135b4bc3,ओगटेको छ,8
3c71a1d726,शरणमा गए,8
510ee57d33,फिवर पिच,8
620b4d44a1,खेद यो छ,8
f972c92816,सम्झना छ,8
f664fb156b,यो एकदमै,8
41b7725dc3,र अझ बढी,8
6b325a4c04,यस महलमा,8
046c39f82a,छ जो ईसा,8
76815d8946,सोच थियो,8
d7bcb40854,यो पहिलो,8
9e77df097b,बढी हुने,8
662efa4c57,एक पूर्व,8
aec7098dbd,रिस अब त,8
1cce87d848,कुक टापु,8
571700eb4a,धेरै पटक,8
7f186b6f66,गुण भएको,8
933e8c7cce,सरल लामो,8
511487be1b,सिरक दिए,8
29b39544ff,औसत थियो,8
736c467e80,यो भूभाग,8
21b98994ef,बहस भएको,8
877d8dbc06,यज्ञ गरे,8
5edb4d4bbb,नेपाल हो,8
ed48d2d394,हात हाले,8
d2ad0d51c1,हामी झनै,8
8a953370ff,सङ्कलन छ,8
591c211aeb,गरेको हो,8
21f19c475f,एक घण्टा,8
30f3869145,आर वी एस,8
92ebc898d4,धेरै छन्,8
298ba4dd7a,एक ग्लास,8
ed577f98af,कालेश्वर,8
3c57195e38,चलन थियो,8
3c590cbe0a,समय उनको,8
899e044a2d,सारा महल,8
2b45692631,भट्ट हाल,8
db6efef4dd,पर्ने एक,8
2e92fadc32,कालो काग,8
2b4a41b2ea,एक पूर्व,8
313b27df3a,जेल नभएर,8
7677ec85d4,हुन्छ कि,8
85fa4fdff0,जीव यसको,8
2984dda74b,काल सधैँ,8
3c44ae885f,नदी कटान,8
43cc415740,मालिक हो,8
76eefdc8ae,यो मकबरा,8
ec9ae59c71,धनुष लिए,8
a0444a367e,होस आउँछ,8
19563345fa,बताएको छ,8
1d42d0cb10,अब म यही,8
22c69d4901,लागि लडे,8
327a2c00f7,पनि केही,8
48fa4a6e05,भाग रहेर,8
713fdd8689,हुने भयो,8
fada70a830,थाह छ कि,8
eb9e12fd09,झा ऊर्जा,8
85512738c1,दुध दियो,8
b2af4e1522,यो मकबरा,8
d0023e6b39,समय उनको,8
591ef61e1e,कोही पनि,8
930ddf0fea,पतन भएको,8
eb465a0cb8,नाम आउँछ,8
0fa99bc328,र किरणले,8
9a9029c5aa,नयाँ कदम,8
7afec42c06,शाही महल,8
32b30e1754,आएको छैन,8
8b33793602,सबै छन्द,8
a0324fd585,सहर दियो,8
9e88dc8c82,जानुहोस्,8
062e70a466,होस आउँछ,8
0e54eb3b8a,तन मन धन,8
28ee91f7a0,जानुहोस्,8
3b7e871c7e,काम गरौँ,8
f66f2ccc3b,पनि हुन्,8
7aa6b21908,हुन त एक,8
22afa3cdf0,फाँसी दे,8
bb6c64783b,मालिक हो,8
cedbfe7e8c,ऐतिहासिक,8
ebc500aba3,नै मुख्य,8
f1799728d9,अलग राखे,8
65e8bdac82,भाग थियो,8
bbc23645ec,चलन थियो,8
93014eb820,यी कृत्य,8
960a8c745b,आदि धेरै,8
6bc30a3763,आनन्द एक,8
b76fb167d1,यस पेजमा,8
0b4ff7c238,भोगी थिए,8
0b9464b1a3,उक्त कार,8
0fedd0a9f3,पनि मैले,8
3f1de89e2f,चढेर पनि,8
5ac7f65c81,जेल सजाय,8
ce745780e4,उचित छैन,8
f22f500c05,माने पनि,8
f64b91c718,कुनै पनि,8
659e169d7d,सही थियो,8
d6e8c5723b,करार दिए,8
e10a25f643,खेद यो छ,8
6bce935526,सबै भाषा,8
d2ac2939bb,धेरै समय,8
1a5095bf7c,काम गर्न,8
a06db0c6ca,छु म पनि,8
068b1e5ac0,भोजन हो।,8
ed767e6bde,एक ग्लास,8
ad214b2852,तयार गरे,8
0b4cebe385,लामा छन्,8
a06af383bf,कोष छाडे,8
068899c517,उनकी आमा,8
5ab7631921,पनि गर्छ,8
2e1770b6de,दिन लागे,8
0fe2bfd4aa,मुड गर्न,8
f658846a0f,लिइएको छ,8
19292a712d,ऋषि थिए।,8
5459839b26,उभिएको छ,8
b766d43f93,वस्तु हो,8
4471f0d468,बढी पर्छ,8
0354604da3,भएका छन्,8
a0670738d3,रात पर्छ,8
448ac04926,भङ्ग भयो,8
0fd44fc373,सरदर आयु,8
73fe5a66e9,जाँच गरे,8
d2f3361e2b,केही गलत,8
dd185f8a27,यसो गर्न,8
cf41d9b034,नयाँ कदम,8
5a82a12550,ओगटेको छ,8
601b119886,लोभ नगरी,8
b78b3cd62b,खण्डमा छ,8
065f6369ff,हुन्छ कि,8
0f478b9e55,छेउमा के,8
dcaa568240,एघार जना,8
5e8aff229b,आदि थियो,8
292ce84f27,मौका पाए,8
226701a958,डिभिडिको,8
5e8c60243b,स्थिति छ,8
925a39bb48,पतन भएको,8
8af98f8b89,सधा मादल,8
9a7ca9ed0f,छदै थियो,8
76c5b36ac3,धनुष लिए,8
3df6304228,यो फोनमा,8
cf40e768a6,बसोबास छ,8
ec06b6447a,तपाईँलाई,8
f792904840,पुगेको छ,8
dc87ffe001,सेती नदी,8
2259e2712e,पहल हुने,8
859ceb088a,अनुभव हो,8
065dcefbad,दोहोरियो,8
85a122f73d,जननी पनि,8
ec138ae1e1,नै रह्यो,8
ec0efca11b,हो म अलि,8
85a80857f3,निराश भए,8
b7975bb4c0,थालेको छ,8
ae15552b73,उनका दुई,8
cf6cdb6196,काम आउँछ,8
3be414d527,तल फर्के,8
22721becbc,भएका थिए,8
9ff4f167d4,आदिम देश,8
bb5819d0cd,यो स्कोर,8
6262612a72,के गर्छौ,8
69d4dc6977,गएर केही,8
0c0c19cb22,धेरै लेख,8
7fe15a6fcd,स्टोर हो,8
9209d0e4b0,रिस अब त,8
066f6bf621,हमला गरे,8
9a4553c1b1,समय उनको,8
76df0aad85,पछि एचवी,8
6021cd366e,अलग राखे,8
1d3789f188,बढी हुने,8
509f9a53dc,कमल एउटा,8
56d1615a1d,मिलेको छ,8
9fdc391e22,थोचो आदि,8
19b35a738e,यी दुईटै,8
491daec87f,नेपाल हो,8
3204112063,शुरु भयो,8
320040d714,रूस हुन्,8
1c79a25043,रूख रोपे,8
ec36ed0765,मुरली सर,8
ebeb999178,जननी पनि,8
5f13287c5e,लामो समय,8
1bacf335ce,छ छोरा र,8
7e914903f1,जोगी कतै,8
cf1572d46a,असफल रहे,8
922b0588c0,एघार जना,8
922c67b130,सारा महल,8
ec201a30f1,भोग गर्छ,8
4cc519b990,मिलेको छ,8
b789f3fcc5,पत्थर हो,8
6b6df59939,मैले पनि,8
b7db55a133,आगमन भयो,8
f9533d94f4,ढोलकी एक,8
4cfff0a221,हुने पनि,8
948975ec5e,लड्ने हो,8
d98509a7b6,एक छविका,8
5771025230,भाग माँझ,8
ebe9758578,छ र धेरै,8
4cd4deb44a,यो विकास,8
d85897a183,तयार गरे,8
bb51d22eeb,फरक हुन्,8
61c354b486,जीवन पनि,8
9f8afcea46,एउटा पनि,8
4bf18ef1cb,ऐतिहासिक,8
efbab8474d,ठोस आधार,8
9b87d8d50d,म ठमेलमा,8
42b23f3777,सजाय पाए,8
9c7da0e6be,यस नदीमा,8
3d9872f6df,तानेको छ,8
672744e447,खेद यो छ,8
59469de98b,कसो होला,8
f80250b793,भाग थियो,8
4be825eb3e,नेता थिए,8
f0d3dfb290,चलन थियो,8
75f402a8a9,लागि पनि,8
5f83dbb3ec,हुन्छ तर,8
b229f5cad0,वर्ग छन्,8
9c71c270d2,वितरण हो,8
76b7448291,चारैतर्फ,8
d9dc9a6fce,बाण खोसे,8
b1efe96c8e,रकम समेत,8
49f575346a,आएका छन्,8
9c5461baa9,अ वाल्टज,8
954dfcab4b,गएर उनले,8
9b8e19c7ad,अङ्ग पतन,8
d194f89b24,मेरो कलम,8
7333869e0f,नाम आउँछ,8
1b8e045f46,चलन थिएन,8
89ffbcf28c,नेता थिए,8
0574e1bf8f,खर्च भयो,8
05599f81c0,नाश गर्न,8
2a6b2ea690,तल दिएको,8
f83a70a6aa,बहस भएको,8
f0f42b4eb1,पनि त कम,8
42d6119e59,आउन सक्छ,8
d13c3e05c4,पवित्र छ,8
f0dc9af61a,काम गरौं,8
f0dbd6f2dd,दिन सक्छ,8
86c7e403a6,बसेको छु,8
42c3db5794,यस नदीका,8
b0d9b9ff08,जब कसैले,8
8742254217,मत पनि छ,8
b9271c50d4,आकृति एक,8
05ed0fb9b3,जित थियो,8
20f607b954,कथा छ तर,8
b849e3a172,रहेर काम,8
1bb23742dd,बसोबास छ,8
61bc2d4034,एक पूर्व,8
3d5fcbb936,चढेर पनि,8
b92a77981e,यो तौलको,8
b8444519df,यस नदीको,8
f0e4e3f3d1,अभाव भयो,8
76024a296d,अब म यही,8
72a765c45b,हमला गरे,8
f8366e43a9,लागि अलग,8
1b9bf68940,ती आमैले,8
9c6b780bf5,कावासोती,8
f733d24c06,पनि छ तर,8
86a76861f6,गरेको छ।,8
3e051939c1,आत्रय हो,8
3de69b132d,अनि कोमल,8
208665771d,विडाल सर,8
b19051631a,यो गलत छ,8
1bde215b87,थोचो आदि,8
d932b53e68,पृष्ठ हो,8
3c93246d62,समिति हो,8
f79de54eaf,यस खेलमा,8
f67cb59627,बैङ्क हो,8
66c8dca79e,पुरा गरे,8
42b57b44db,खर्च भयो,8
0ceb6ac557,यो ढाँचा,8
f0acf91d74,झा ऊर्जा,8
51be484aae,लड्ने हो,8
9cdd6f4cf0,कालो तिल,8
761eeecd9d,मध्य कान,8
212ea067a7,उनका साथ,8
1ca4f149a2,शरणमा गए,8
9c1c9335c4,जीवन पनि,8
d2739697c5,यो रूपमा,8
1c4eeb31ff,हुन आउँछ,8
73144422be,बसेको छु,8
7bb84a2a85,पाइएको छ,8
9bd5849b1b,पोप हुन्,8
1c3a8557ae,डर भनेको,8
7bbb3602e9,आनन्द एक,8
f775f3d5f9,ढाकेको छ,8
f76f7ad715,झा ऊर्जा,8
2fa22a847a,धनुष लिए,8
9c44569d9a,मोह थियो,8
d92a22533e,सूचक छन्,8
9c122be08c,लामो समय,8
f78cceed34,यमन सङ्ग,8
b885c9a444,पनि केही,8
b7de0dbdf4,सुविधा छ,8
7327dba008,म ठमेलमा,8
1be31e0761,समय उनको,8
87082e8fd3,निवास हो,8
1be41bda14,सारा महल,8
577be4318f,छ टिमहरू,8
3db65ac59e,औसत थियो,8
61905b4de0,रङ शुद्ध,8
d83fa89732,हुन सक्छ,8
1b0e11fa2d,स्टोर हो,8
f7d79b5282,पहाड छैन,8
f0076e5242,नाम आउँछ,8
b1453a52d9,एक दिनको,8
b8cd0041a9,घरकै काम,8
2077dbab72,अझै धेरै,8
1bed197261,यो हलोको,8
9be4a6f8ed,तल फर्के,8
53e95842a5,उनका दुई,8
d889c0a4eb,कम्पासले,8
3dddc81915,वस्तु हो,8
cdef0a4fee,खुसी छन्,8
0c3db266cc,मुरली सर,8
02a63fc308,पनि केही,8
b14f208c67,खण्डमा छ,8
f8f1e772da,पनि आमरण,8
ee6bea3d87,धार दिने,8
058adb68b9,यो गलत छ,8
ee61e8d0ef,थालेको छ,8
0c4444c834,झा चुनिए,8
49e1f27c5a,लकी युमा,8
497e6c043c,बनाउनु छ,8
9581ba0d0a,खेद यो छ,8
b9467d0a4f,गएका थिए,8
0ddd8479a7,सही थियो,8
f0962791cb,यो मकबरा,8
ee47fdbfad,सुरु गरे,8
2ae4fd2064,तथा नग्न,8
6c29daffe1,यसको नाम,8
9393031284,कति असफल,8
3a3c9cb5a8,माहिर भए,8
94b6925c36,आवश्यक छ,8
9dc9ab6026,मेरो साथ,8
5396828bed,बनाएको छ,8
3e7a5c22f2,झोडा पनि,8
7e4dcd3ea1,चलन थिएन,8
afcf4ea5c5,डा एच एस,8
42796acdaa,भाग लिएँ,8
958c77c0d9,कति असफल,8
9582ff3baa,हात हाले,8
5931c15bbe,भएर आउँछ,8
f907fa1f6e,विभाग हो,8
b9c58d166a,काव्य हो,8
f09e64a038,यो देशकै,8
b26996e235,गरिएको छ,8
b1fe1b024a,झा चुनिए,8
b171186a4b,बोल्ड भए,8
0c8c1d4454,जनावर हो,8
0c9c680b39,पी एच डी,8
ee0ec57e5c,उचाइमा छ,8
0bf4028135,केही समय,8
9d954f027f,हि इज नट,8
ee82b2a3db,र एक दिन,8
ee85b9efdb,पछि उक्त,8
0607a272dd,आधी आकाश,8
b7ed8aff8c,दुख दिने,8
b2720dd725,भनेर अरू,8
57ad0b85b8,यो फोनमा,8
ba09df3cab,छ कि छैन,8
95a62e0e80,सोही दिन,8
061de31eac,विडाल सर,8
9376ebc619,रूप लियो,8
d03816529a,होला पनि,8
f8e645fc37,रात पर्छ,8
89f0283e7a,सरल लामो,8
93bf10e613,सबै भाषा,8
433276bc67,काल सधैँ,8
21a09ff537,किताब हो,8
301beae7fd,बबल चिया,8
3018b273c1,मौका पाए,8
ba0bb40d52,छ र थियो,8
0e06b8fa7f,अङ्कित छ,8
af8b67d7d3,छ र धेरै,8
936831769d,ती आमैले,8
dacb9bcd0e,उचित भएन,8
21966af7f2,पर्ने एक,8
722c0ee4b0,यो दशकमा,8
4c55e1c22e,अधिकार छ,8
f92bca0c16,यी कृत्य,8
736b56302a,बसोबास छ,8
3ce99ca9d7,आदेश दिए,8
f6ef253bd1,भएर आउँछ,8
9e0bcdbcfb,टेलर फेथ,8
203a956701,गलत वर्ष,8
d80401cf54,कालो धजो,8
727ed085ca,जुन एकदम,8
72493721b6,र किरणले,8
b1a1ede967,मलाई पनि,8
b075c8ee1b,हात पारे,8
9ddf5bf66b,यो फिडले,8
1af0f1fd19,एक गाविस,8
0de5d7d332,यी त अझै,8
04ae522dfc,रचना छैन,8
93cc8663a7,अनुरोध छ,8
2a06d70fab,यस नगरको,8
51e0e15b71,रूस हुन्,8
b965bf85bc,निधन भयो,8
d0e4f6153f,कटौती भए,8
6a63c7aae5,विभेद हो,8
940a322701,तानेको छ,8
3e5a74acd2,मध्यमा छ,8
3e5672a16c,महिना हो,8
57981107a3,घैया धान,8
d1b117f63c,गाई बाछा,8
da142b7129,आदि हुन्,8
302ebd0927,रूख रोपी,8
0cb27dafb5,जान थाले,8
3dfc7e6085,बीउ गोलो,8
9418ff7912,मनमोहक छ,8
d830b6bf84,फेरि भने,8
eeef275d3a,जीव हुन्,8
7bf90191f4,पशुहरूमा,8
f8888d26eb,अथवा कुल,8
0c0c66991e,सहर दियो,8
765626c4c4,भोगी थिए,8
9b61a75e5c,जाँच गरे,8
3c950fc067,कालीखोला,8
d258cfe464,जीवन न त,8
865fa8ec3f,सिंह थिए,8
6a499eea16,खरिदमा छ,8
9b65b8ce5b,काम गरौं,8
2efad12ab0,यति नै छ,8
0c7f8695de,सहर मैले,8
7b2c4b4275,हातको जल,8
02b2a0ca42,पनि थिएन,8
b09e5a38fe,उनले भने,8
7b65387e9f,कालोबंगा,8
51df1da61a,बबल चिया,8
d26d319a6c,रहेका छन,8
43217b2de0,के छ भने,8
d0bcd90955,अगाडि आए,8
0da7815f62,काम थाले,8
6a7cc2ccd3,छ कि छैन,8
04e106fee4,लागि लडे,8
da6d9dd0a2,काल सधैँ,8
b99661a97b,खर्च आयो,8
b97ddb1fe0,यसको जरा,8
305544d4ba,यहाँदेखि,8
7de13683c6,पतन भएको,8
6685b17b51,नदी कटान,8
d0dbadf1a6,चलाओस् त,8
b04d841969,जेल जीवन,8
f8c2e15678,टोङ्क हो,8
1f9d17359c,वृक्ष हो,8
6a664860da,लोलीगाउँ,8
7b5935be65,अधिन छन्,8
0d8ee2dd84,मुड गर्न,8
f8b93c13d6,अङ्ग पतन,8
da54d55c52,सुखै छैन,8
762e038f6b,पतन भएको,8
232b30cfc0,यसको बोट,8
de27b89439,जब कसैले,8
eebdc68528,पाइएको छ,8
43132ed33e,गिरिदेखि,8
9d4be9902b,तन मन धन,8
04f372a323,अ वाल्टज,8
d0d70e8231,बसमा छैन,8
f7185551bb,एस एल सी,8
4cb375353a,टेलर फेथ,8
eeab4191de,भर्ना भए,8
ce71b08180,सम्झना छ,8
028afd188a,वाला थिए,8
10c7005644,सरल लामो,8
3316018999,हुन सकेन,8
a1255a118f,विकास हो,8
1dcecc22f4,सिंह थिए,8
5b220e4e42,सबै भाषा,8
115fecdf1a,पीडित भए,8
bc66abadd6,माहिर भए,8
eaa13ad0ef,फ्लप भयो,8
b6ea22c157,सेती नदी,8
b3dfe1f786,गरेर कपी,8
de2d6749a2,थाहा छैन,8
f304e1b7a0,एक हुन्।,8
2bbc91dcff,जननी पनि,8
bce815a762,मन्द तथा,8
f2923d99e0,जब कसैले,8
d629dcd778,शासन गरे,8
2f0413cf9b,पनि आमरण,8
657c66cf38,लागि परे,8
7087fcae47,सहर मैले,8
9109ce1005,मत पनि छ,8
ac604c4df2,समय उनको,8
d628c90ef5,पशुहरूमा,8
a12a89dac6,पाइएको छ,8
3402e3abaf,आएका थिए,8
f28bb2944e,काम गर्न,8
65335ea12e,रिस अब त,8
ce135b5e2e,यस नदीमा,8
0b1741c474,नयाँ कदम,8
a126f80a8b,उहाँको छ,8
546f5c61bc,यस महलमा,8
2867a45d3a,औसत थियो,8
abf0bd8521,असर पर्छ,8
7a39131875,वृक्ष हो,8
90e3986350,के राय छ,8
a241d36016,मै छ भने,8
3ac6f7d4ba,कोचको पद,8
04fe190dab,सही थियो,8
2ba16e7535,जनावर हो,8
ef27c76508,यी दुईटै,8
3d097761dc,आङ लीलाई,8
39f41d3967,परेको हो,8
6a490ae69c,सभा राखी,8
a1d173660e,नयाँ कदम,8
4b3e67f485,यस महलमा,8
341b176a56,सुत्ने छ,8
4a463fdb40,छेउमा गए,8
90a63de368,माने पनि,8
5b4979323d,आबद्ध भए,8
a1c8b7d733,मैले पनि,8
fc04ca88b3,तिमी सबै,8
bc1691c4dd,काव्य हो,8
5dabecb36d,अभाव भयो,8
06d84bed7b,कालीबंगा,8
bd1e05f160,बबल चिया,8
bc14da6740,शुद्ध भई,8
9d651c7dd4,जसको आयु,8
df124ea3ba,पनि थिएन,8
58e43ff3ad,लगाए पनि,8
703b73b247,हि इज नट,8
a10d63ba9c,नाम दियो,8
4d3483f408,सुत्ने छ,8
6043241301,पनि होला,8
4d585f8e5d,गलत वर्ष,8
ac20eef42e,शासन गरे,8
ccfdb66e59,एक मिनेट,8
703e6be326,दुख दिने,8
b403588001,मनमोहक छ,8
70d2bbb81f,भएको छ र,8
de18589bfc,कुनै पनि,8
02527afb84,एक घण्टा,8
7752eef05d,यस महलमा,8
805afba8e3,सफल भएका,8
ccfc41eace,यो पहिलो,8
3ac857cdd3,विडाल सर,8
de3aa9b632,भनेर अरू,8
bcb0e9a854,हुन्छ कि,8
28448d0fd6,छ कि छैन,8
5257080b7e,दुख दिने,8
7d341c8fb4,दिई पूजा,8
1144b56941,रगत आउने,8
5b2f6ed9da,अ वाल्टज,8
6571008b66,यो मकबरा,8
99db79e0b3,पदको पिर,8
7546682baf,तब आफ्नो,8
7d65dd974f,एक मिनेट,8
ab6cf2915a,मिसाल हो,8
2844bd7d43,सकिन भने,8
cd50e1cd1e,दिन लागे,8
80dc67961d,पहिरन हो,8
d364118a30,बढेको हो,8
90686eed7c,लोभ नगरी,8
de6481a33a,हमला भयो,8
a1f953c1b4,गएका थिए,8
99cf94aa66,छ तर पनि,8
181da1cadb,यो कमन ल,8
ac46fdd3f9,हुन सकेन,8
998d5a7b6d,असफल भयो,8
1814637898,गल्ती हो,8
502919091a,बाण खोसे,8
5660e9364e,पनि सक्छ,8
a206bd5698,डा एच एस,8
d3613ed8af,रिस अब त,8
4560dec71b,दिन लागे,8
6c7d380bac,बत्ती हो,8
fbbeb2214c,नाश गर्न,8
28363982c0,खरिदमा छ,8
650ff484b7,सरकार हो,8
a2561a298c,पुगेको छ,8
ac4245326d,भोग गर्छ,8
b419c1c4a5,शासन गरे,8
e929dbc970,पाँच जना,8
ec0c7d6452,एक उत्तर,8
03902a029e,ती आमैले,8
524d823277,मौका पाए,8
57ff8c7e95,यसका पछि,8
90f3feea54,शुद्ध भई,8
cdffeb1a0f,ती आमैले,8
7c3f1903b8,अवस्था छ,8
7a217df304,ओगटेको छ,8
67a703bad2,समथर भाग,8
8501ba0691,गठन गरेर,8
114f909f8a,आधारित छ,8
f28b2c82b6,एउटा बाल,8
33c5468a59,एक झर ओत,8
58d192b53e,अङ्ग थिए,8
4d758b0e81,बसोबास छ,8
2360857643,विभाग हो,8
2db8c33707,तानेको छ,8
79e2887137,बैङ्क हो,8
03240c17a2,कालीखोला,8
96c5842de6,त छैन तर,8
1007dc936b,यो दशकमा,8
332a39860c,वाली हुन,8
cccd61f607,नदी कटान,8
52487c0fb3,सबै भाषा,8
de5f824c46,काव्य हो,8
23bea77662,हुने पनि,8
33e8d3ac4a,तयार भयो,8
332d097cf9,अझै केही,8
33cc0177cb,कम से कम,8
3a20955a86,समथर भाग,8
3a20649f7e,काम आउँछ,8
e97480026b,कभर गर्छ,8
18b58689a2,अझै खत्म,8
ea58ea3ecf,लामो समय,8
02728ceb2e,थप्दै छु,8
b42d93436b,कसो होला,8
9428eda8c7,भिन्न हो,8
68d3d4631c,फाँसी दे,8
fc6808338d,यो देशकै,8
a0f5ecb231,पञ्चावती,8
7d46586d30,साबित भए,8
9050817a81,विभाग हो,8
a0d5524bb7,मध्य कान,8
709e98db84,उनी निटक,8
1def779bc2,एक पटकमा,8
417a2ca796,बाम माछा,8
96b9aaf703,छ कि छैन,8
658d285a32,हुनु अघि,8
f63a7b0b3e,एक पाउडर,8
893eb5d833,नेपाल हो,8
1fe156b3b2,अनुपात छ,8
aade63ddca,तर जब यो,8
5052c8e7f0,राख्न मन,8
968285a0b3,उपलब्ध छ,8
bd49ac1dc4,मत पनि छ,8
ce0122b488,नै गर्छ।,8
aae6d6ea60,स्वयं एक,8
2b9c0e1dde,यस खेलमा,8
a144c778fc,काम गर्छ,8
cdb02ebdf7,कालेश्वर,8
27f6b4df21,तब आफ्नो,8
7a2e73d243,यस खेलमा,8
845d077f41,यस नदीका,8
90ab5e3e15,यो स्कोर,8
ddef066d0c,यस खेलमा,8
7c3929645d,एक दिनको,8
11a3e69652,यो पहिलो,8
233aa835b8,सारा महल,8
ea84f74614,सभा राखी,8
ea3ba39b89,रचना गरे,8
79e94a21ef,परेको हो,8
44ccdec098,पीडित भए,8
e9f70fea67,सही थियो,8
a2bbb5cb01,नै मुख्य,8
dddd06e575,रूख रोपे,8
7062c95e48,शिष्य भए,8
8525722fd8,तर अहिले,8
cda3363bca,बनाउनु छ,8
fd1f13113f,यति नै छ,8
2ba7519540,एक थर हो,8
acb3f43a89,तब आफ्नो,8
3aedabc717,मनुको हो,8
3a6671291a,शाही महल,8
3a811b07b4,र एक दिन,8
99b62f82ae,दोहोरियो,8
7d66420b3f,भएको छैन,8
bd37023204,सोही समय,8
ea25a6b70b,फरक हुन्,8
b75a9ac59a,भनेर अरू,8
a1adc403fc,आकृति एक,8
e8fc3fdd77,नाश गर्न,8
44cf73a265,साबित भए,8
ccb16b6b01,सिंह थिए,8
a2dc95407e,पठाको हे,8
dee05f319d,गएर उनले,8
ea2c377737,यो कार्य,8
39b5de165a,रचना छैन,8
3f672376df,पोप हुन्,8
ce4b78ba3b,दिन सक्छ,8
896094d2df,बढी पानी,8
ccdaf3303c,कम हुन्छ,8
2370e44351,वाला थिए,8
5df167e323,बरु हामी,8
451ad1d171,उठेर आयो,8
612dd9fb91,उनको आमा,8
6c50cac7e6,सफाई गरे,8
8450aa7701,रूपमा भए,8
4b4038f47a,आर वी एस,8
526bc081fe,दिल्लीको,8
18e583508a,कमल एउटा,8
d67595ed1f,बाध्य भए,8
811b710624,एस एल सी,8
22f4d20c8b,बताएको छ,8
1d5e95461e,यो फोनले,8
41c27241cd,बाम माछा,8
e8ad32cff8,गाविस हो,8
ac1b622e1b,भर्ना भए,8
a1750255a5,जीव यसको,8
e91563919b,मत दिएको,8
342235b76d,शुद्ध भई,8
56a336b23c,दुध मैले,8
06bbb158c3,यो ढाँचा,8
f319dcfe1e,होला पनि,8
06a1ce5b96,पनि जिते,8
1f93732ca0,अभाव भयो,8
bc733f0c2a,हमला गरे,8
44d6fb3497,यस खेलमा,8
84c9ac0d32,पवित्र छ,8
b45c8660ee,दान गर्न,8
b45c04e52e,कुनै पनि,8
8048ee0806,एक पाउडर,8
d6e0c23901,टेलर फेथ,8
a1813d8718,तर जब यस,8
cceb8f31a4,शरणमा गए,8
56b018d981,एक हुन्।,8
a26f9b655e,एक मात्र,8
912b9a9b91,उपलब्ध छ,8
fd0cd18039,बबल चिया,8
a0d60c9956,यो भाइरस,8
99bda3cd8b,गठन गरेर,8
2b96e6f661,विभाग हो,8
1900ac08e9,एक बनिन्,8
230f0f977a,काल सधैँ,8
64ed57f31e,हनुमानगढ,8
bc26f012a5,वस्तु हो,8
aae019719a,सहन नसकी,8
992d60cf2e,पहाड छैन,8
44c62a9472,कायम भयो,8
fb9bb322db,यो दशकमा,8
01bdfd071d,आधार हो,7
36321b7ffe,विभेद छ,7
29fe1bc22d,सिम लिन,7
a6070b396b,सिम लिन,7
ba1f58f223,दोष छन्,7
706440df80,दल पठाए,7
6ef15908d5,कार्य छ,7
9afd4c0ca8,मार्चमा,7
407510931e,हे राजा,7
1b27a166f7,छोरा हो,7
15cbf58253,ऊनको घर,7
7f0922e1c8,किमालुङ,7
788da16c1f,भाषा हो,7
980e796022,सफल भयो,7
99bbc0f7e0,यिनीहरू,7
0ad6e91217,विभेद छ,7
3d034f70a4,पट्मारा,7
639168d4ed,छैन भनी,7
96e861d6fd,द पोस्ट,7
f4fcb77f95,म विधवा,7
6e1a222a7a,विभेद छ,7
3c8c8ed21e,मोड आयो,7
84d1df3f6a,एक मतको,7
3fe2642566,उपाय हो,7
8c0b321d83,बाँकी छ,7
866978a35a,चल्दै छ,7
7d0e636a32,दोष छैन,7
0478bb8249,एक वृहत,7
3cc1d55bd9,सफल बने,7
a38003ab7a,गरिने छ,7
5b39ad062a,सकिने छ,7
9db641a108,धालिसको,7
4aab79d4d6,भेटको छ,7
d086692713,यिनीहरू,7
6c6694a5ed,उनी गेस,7
8bd19720ab,वैध छन्,7
e0a7b71982,नारा नै,7
e3e5ca09b6,दिएको छ,7
bf348b95c3,एक मतको,7
0ce1b68768,कलेज हो,7
8240a67bf3,रत्न हो,7
0ce12a4058,छोएको छ,7
2800cdd3c6,छ यसलाई,7
33af6dabf4,आरम्भमा,7
b9ce7ab5f4,जेल परे,7
bdd5d10091,दिनु हो,7
218192cadd,उत्तम छ,7
1ead936317,नेपालमा,7
bdd57c456e,उनी हाल,7
f908a5d295,यो छ कि,7
52b752728a,आदि हुन,7
d42b9a70d6,भान भयो,7
df0bdb2b32,बध गर्न,7
111044d169,सफल भए।,7
61e5ddb84b,अमेरिका,7
aa0f463cd1,म चाँडै,7
0df1a1ece0,बसि रहे,7
57b50bf208,चीर हरण,7
1106e2ef16,पशुपालन,7
3cbe4b6171,लोड भएन,7
e5b115ae5b,कर्म हो,7
af91e24b03,अझै पनि,7
e7f5d1f274,सरह भयो,7
81722ddb1d,सहमत भए,7
9dfbdd853b,लोड भएन,7
abdee1e335,लिमा हो,7
d6e84e72ba,फ्रक हो,7
14022afa22,नाटक हो,7
b3f78f272f,दर कम छ,7
9e1be86b4d,जल र थल,7
13c725ba5a,मदत गरे,7
5720b70e98,सहमत भए,7
b806fd2de6,भन्छ कि,7
935b0940b8,यस मठमा,7
908575a47c,र गलत छ,7
68e3da9ce1,भाषा हो,7
6981ab8772,औजार हो,7
21a5d3b809,रन बनाए,7
77ecdfe624,घाउ ठिक,7
ab95e80b40,जोशी हो,7
d0995bd9ff,शपथ लिए,7
6aa6fea2f5,सृजनाजी,7
638904a04f,तलब भने,7
5deddb8d7d,आएको हो,7
1b0ddd049c,कालो ओत,7
37bf9c36d0,छठ पर्व,7
f13909170e,यो सजाय,7
64c1dacc5f,अझ बढेछ,7
e58978171e,राजा भए,7
73ed8bb3c0,मदत गरे,7
db013a2893,बढी समय,7
999ef00a18,जाने भो,7
afbfe62417,एक गायक,7
f711a70df2,मकबरा छ,7
9e1498e2a4,भाषा हो,7
aa24dc9a32,नौ छोरी,7
cd84de25c2,अमृत फल,7
15b3a77a38,भने सबै,7
81aab55299,आदि छन्,7
6a066beca5,यो रत्न,7
594d1b66b1,मकबरा छ,7
39e5e2b926,लहरा हो,7
7d28a059f7,जित भयो,7
b5d5cc26b8,किमालुङ,7
e05f00798f,विभेद छ,7
96d352b741,यो छ कि,7
20cd7625e9,आँखो एक,7
e4b332fb44,फर्न एक,7
b21208d983,झरेको छ,7
1dfd2c2dab,सिम लिन,7
a308e92c80,आँखो एक,7
d92ac062fa,यस कारण,7
ccda2be2a9,यस मठमा,7
e86c1f6c63,फरक फरक,7
f4acba9286,एक गाउँ,7
702efcaaad,खेल्छन्,7
5d7d17a76c,पट्मारा,7
05878eef1e,एक मठ छ,7
51c0e57f78,प्रकाशक,7
1197664af1,फरक फरक,7
516f9be51f,लिएको छ,7
4287761c70,जुन काम,7
82e5f9b96f,सहमत छु,7
17da9553f2,आज जसरी,7
9c8a9dba40,चरी भने,7
d9756ad3c9,पट्मारा,7
e4d47068c4,काम गरे,7
5c404356c9,मूल भवन,7
f76bc56ef3,फरक फरक,7
88c73b3a5e,सरह भयो,7
8be6fb9ce0,सकिने छ,7
aa6b58b797,लोड भएन,7
6184a33863,त्यो डर,7
82b3a3b7c6,हो यसको,7
d1bf2e4563,पशुपालन,7
cd2986596f,गरिने छ,7
5569e6c18f,लहरा हो,7
59857d6f82,न्‍यौरा,7
4289ca0fe1,पचहर्वा,7
f4b1a75292,भए त यो,7
b59b8ceff2,जब पानी,7
e88ecf5267,एक सानो,7
1c1acd5624,चिनिन्छ,7
64e507326b,वचन दिए,7
bfc0b6c8af,पिडित छ,7
39ba750ad0,अवगत छु,7
426314bc7e,कमलकोटी,7
aab30b631e,ती हुन्,7
5c55f5a7b8,लगभग एक,7
a2c9f6ca7f,चिनिन्छ,7
240466ad7e,आएकी हौ,7
fd2b2623fa,कार्य छ,7
e448972f53,रन बनाए,7
a2d17aa335,रन बनाए,7
1c49596b60,बढेको छ,7
2094364057,फरक फरक,7
94d47e3a71,आधार हो,7
953db9a8bc,भान भयो,7
d5d8a8e57d,छोरा हो,7
6a326c9091,रहेको छ,7
d47686145f,आदि देश,7
e3e8d25b85,लोभ नगर,7
e4342e410f,चोलो हो,7
f5aa323080,उनको घर,7
8207f836b5,रन बनाए,7
77ba88a2ce,हो यसको,7
05d4311784,हे राजा,7
d8fa4f4ce1,यो फारम,7
81a62684e6,दुई लाख,7
8827c95a13,बिऊ तेल,7
92f1687158,वैध छन्,7
6cbc9d9a1d,आरम्भमा,7
0ab14ff056,सम्भव छ,7
e41cf4f991,छोएको छ,7
79d74da4e1,दुई लाख,7
69ac016723,किमालुङ,7
b8306f5601,घाँस हो,7
63b853bab1,दर कम छ,7
73050255ef,यस गणले,7
e001589ea6,शान्त छ,7
e47a6d200d,जेल परे,7
2c6c70578d,घरमै आए,7
2ae16c7aa6,फर्न एक,7
b8ab5676bd,माला हो,7
86c6e475f0,उँचाइ छ,7
a321740c9a,हो यसको,7
b43d89a50a,एक वृहत,7
b9726026f0,पनि आगो,7
0d6b67ae39,भएको हो,7
ff751308a9,आरम्भमा,7
684716599d,नमस्कार,7
b47030ec11,सम्भव छ,7
2bdf3677e1,रूपमा छ,7
7cb37a1c4c,सफल बने,7
726f4fd850,बढेको छ,7
eeceb529db,साधन हो,7
117ae132c3,आदि देश,7
025662e7b8,एक हुन्,7
e36ecb5cf6,फर्न एक,7
61629025df,स्थान छ,7
4b893322cb,झाल घाम,7
d256468aef,किन यति,7
df7515688b,शामिल छ,7
36b600cec0,नौ छोरी,7
e96837095d,यस गणको,7
eeff35b61c,धालिसको,7
7284f4e452,म मात्र,7
b0870a98f0,पञ्चायत,7
61c6147148,परेको छ,7
6f19613d68,चिनिन्छ,7
78bde06380,आजा गरी,7
d0eda86f0b,विषय हो,7
f2dba48cc9,कप अफ द,7
2a6d8bc244,यो टावर,7
d3a92428ee,लिए भने,7
df4e9c1c32,सानो हो,7
eeae6e81fe,यहाँबाट,7
42227abdc8,आँगन एक,7
cc54c676bb,त्यो दल,7
f8b9398839,दुई जना,7
15687334c1,लहरा हो,7
67435d15fa,नजिक भए,7
0ad1d5b053,लोभ नगर,7
475135efc8,कालीकोट,7
1743a70fd8,बजार हो,7
867734e523,धनी थिए,7
b04a0a98b9,जसमा आठ,7
5c9e987b1c,वर्णन छ,7
fca16877e5,मल हाली,7
07d332d6d4,यो फारम,7
b08c9b55d9,पार गरी,7
e9600b0d4d,चोलो हो,7
f872f81749,आदि थिए,7
e95cb01c72,बनेको छ,7
53685ad322,दल पठाए,7
2d986632ed,एक किलो,7
df8f21d392,यस गणले,7
01e450ee63,मदत गरे,7
8a14e7c24b,सहमत छु,7
27c769c76e,उत्तरको,7
477785c1ce,यस गणको,7
d15453e7a6,काम गरे,7
8a3405f6aa,रूपाताल,7
ff6b345796,आएको हो,7
e3c4539aa5,यस मठका,7
0d052c547b,पनि छैन,7
ef7b164ffa,नाम दिए,7
1dd3d88454,र गलत छ,7
bd1fcae337,भरोसा छ,7
27675bd693,पिडित छ,7
78cd1235f8,गत वर्ष,7
80f71ef374,मुनि भए,7
0cef71a7fb,आदि छन्,7
36c1475b23,एक गायक,7
8d18adaf71,मत छ कि,7
a2440fd960,यस गणको,7
6e40038da6,बढि गीत,7
9dea751646,कुनै एक,7
4a3fc7f7ac,तथा राई,7
8a057a773a,चाहना छ,7
03b760b4b0,बढेको छ,7
040abf3fdc,कालीकोट,7
9cfc159217,ती हुन्,7
848f48708e,भएको हो,7
3016c361eb,भेरि मच,7
f85e5185ac,ती हुन्,7
9b7b3e58bc,याद आयो,7
874a7db184,चिनिन्छ,7
8748058aa3,सहमत भए,7
3a0e336174,जहाज आए,7
9ce890a693,करम कदम,7
66b29b55dc,आरम्भमा,7
9cdde84062,शाखा हो,7
7b79668b3f,खै खोला,7
9b7988e951,पछ्यौरी,7
4c138e99f3,सम्म भए,7
9f4b3983a5,बसेको छ,7
2dfa546478,यो फारम,7
dd63ca7c4e,पछि आएर,7
4f69283162,सहमत छु,7
a8b9939bb1,लोड भएन,7
0f67d2e6ae,जुन काम,7
8f4840de90,कम नै छ,7
70bb7477c4,लिमा हो,7
91440760f2,पनि लौह,7
354d04737a,यो कुरा,7
3b5a1c2a6d,मोडिन्छ,7
7c0a4fb4f2,खाँदै छ,7
18f504c15c,अनमोल छ,7
e72acefd84,दर कम छ,7
d4078086e4,जुन काम,7
838ad3e449,बढी छन्,7
28879f6152,आँगन एक,7
38a7a3ad8e,कमी आयो,7
0f6357757a,लोड भएन,7
26b323815e,भेटको छ,7
dcdd1ca9c8,धनी थिए,7
de6ec07017,गोल गरे,7
ce22c58a2c,नेपालको,7
81f4c30a2c,कि खतरा,7
18b32838ab,सरस्वती,7
d7007005b9,अमृत फल,7
44a8c40d96,गरेको छ,7
69478f28c2,जाने भो,7
0fc1ecd8b9,विभेद छ,7
d7256cf362,रूपमा छ,7
58376c62f2,रहन सके,7
3c01265bf9,यसको फल,7
dbcbd4e805,सो पाटी,7
18ed803248,एमए गरे,7
f9ec064743,झाल घाम,7
7fd5eccdc1,रूपमा छ,7
a1076df21a,नेपालको,7
d6ef44a3a4,रन बनाए,7
4b6b7ae118,जरुरी छ,7
4f1a4c7361,ताराहरू,7
f40fcc0356,भौगोलिक,7
92bb779e8d,अझै पनि,7
bc1d35d159,फ्रक हो,7
4ccaf7b877,यस कारण,7
fa0a870b74,आँखा एक,7
e64fb4985c,भान भयो,7
2352b9ab53,लिमा हो,7
1fcf4c0fc8,मूल लवज,7
83763c0fa4,मार्चमा,7
6fc12c32cc,मेरो घर,7
5b98e04a48,भौगोलिक,7
60957ebbe1,आरम्भमा,7
3a93f8c542,नारा नै,7
85446a242a,होइन कि,7
189e2a6d3c,विषय हो,7
3ec39e1376,भाषा हो,7
a540071b42,गीत हो।,7
ae992083b0,कप अफ द,7
3516e3844b,काशी हो,7
18eecfb0d1,लिए भने,7
0b6c4f40eb,राशि हो,7
1e42d62775,यसको फल,7
b54294294c,जब पानी,7
4464c9bf12,अनमोल छ,7
9eef61adb8,खडा थिए,7
dbe96fcfd6,एक गायक,7
1a2ee7af40,पनि आगो,7
8975e1038c,पछ्यौरी,7
7743c03ef0,छ कि एक,7
7c0e1b9044,घाँस हो,7
95feffdf65,बनेको छ,7
607fd99d89,म विधवा,7
44fdad63c3,उपाधि छ,7
baee6443a0,बाजा हो,7
2ceb73be9e,हे राजा,7
2e1d6c2c44,खुबी हो,7
403d367276,बाजा हो,7
166434a087,कम नै छ,7
891085bcde,कालीकोट,7
a8f52cd8c8,भन्छ कि,7
6b67bfb1a7,दोष छन्,7
352798f0dd,कि खतरा,7
31cd56c206,समेत हो,7
41dbf47ee0,छोएको छ,7
48c7d65f02,छ जसलाई,7
6fbf5256ec,कम थियो,7
0b92a758b1,जब पानी,7
5e962f8202,परेको छ,7
0f2170a731,सफल बने,7
9126044827,दिवस हो,7
fbc94e9409,राशि हो,7
95ef308126,जित भयो,7
16db8beb16,जसरी नै,7
adea6dbad9,सम्भव छ,7
5041a71e4b,सहमत छु,7
9d00af518e,बसेको छ,7
e7a1002106,यस मठमा,7
5917ee52ce,एक किलो,7
83c9635274,बाजा हो,7
fddf41998b,मत छ कि,7
bb2429f90c,चाहना छ,7
10b1d0e1c1,मतलब कि,7
0fe576acd1,बढी समय,7
3fede5a64f,पछ्वारी,7
7ac1a01057,तलब भने,7
e143ae8f35,धालिसको,7
2ce9e1e70f,सहमत भए,7
70f254b87e,सफल बने,7
035e7c04f7,छ जसलाई,7
5907e440ca,ऊनको घर,7
b3cc3c4d56,ती हुन्,7
0f647332cb,जेल परे,7
cd19cbd7b3,कर्म हो,7
b4a9d52822,अरु सबै,7
3839048114,हक सहित,7
7fca518cd2,पनि थिए,7
97388c2710,भूटानको,7
d3fb1603a2,मोडिन्छ,7
4f30be1959,कुरा हो,7
272d756728,धन्यवाद,7
5ea70c0a5b,उग्र भए,7
450482eeab,सिम लिन,7
03e06eba2e,पछि आएर,7
916ceb9bd8,उग्र भए,7
adc9b983f5,झरेको छ,7
ecafce0e2f,जरुरी छ,7
635b4c42eb,गोल गरे,7
be7d0d38f7,स्थान छ,7
2e4257e6d7,राशि हो,7
e756ed88ed,लिएको छ,7
91c3295cbf,छ कि एक,7
9700bf5213,यस कारण,7
2e4415253b,नमस्कार,7
fb37f28ab3,नाटक हो,7
2951dcefc9,काम गरे,7
9602cdfeab,कमा बढी,7
cf4a95b484,भरोसा छ,7
0423a14784,फ्रक हो,7
695aa5c762,माला हो,7
ed8d1cca2e,आएकी हौ,7
f16a90f81a,कमा बढी,7
8aa4e3bee3,खेल्छन्,7
2d0a34719e,रहर त छ,7
4df8bcf07f,सीमित छ,7
8c8f9a7604,बिऊ तेल,7
0ff7786926,यस कारण,7
4422d12a35,नजिकै छ,7
e0ec5a5ec2,रूपमा छ,7
f99272b9bf,उपाय हो,7
51025b4751,कम नै छ,7
5bf4226b03,सीमित छ,7
ed7e153704,कार्य छ,7
5adb3731dc,गएको हो,7
655e774aaf,त्यो डर,7
92fe8213cd,भेरि मच,7
44d959b49a,एक टनमा,7
92fd9da32e,याद आयो,7
4b40b1ee81,छोरा हो,7
40628c6f7b,बढेको छ,7
ea3d04b5de,र गलत छ,7
eb43bb1175,हे माता,7
56f945634d,उग्र भए,7
b3f05f2664,घर हुन्,7
beeae9007f,र यो एक,7
8094547c73,नौ छोरी,7
85292da090,अफिम एक,7
591b05292a,चल्दै छ,7
92f2f538a4,न्‍यौरा,7
360b409c32,पनि छैन,7
ac9974e570,दूरी पर,7
d7a265ccc0,चोलो हो,7
5e3959cad6,आउट गरे,7
4e0e594bfe,सामेल छ,7
10d5158038,लिमा हो,7
b4f85db6ac,उनको घर,7
8c4c67a047,काम गरे,7
16c99dd7dc,उपाधि छ,7
2223ed1fd3,समेत हो,7
80a0dc3ee2,सफल बने,7
72031aa36e,उत्तम छ,7
7c18a8dfc7,भएको छ।,7
96114de295,पनि लौह,7
56b332fb2b,अवगत छु,7
fba0653b57,छ यसलाई,7
48fbe8c6b3,आज जसरी,7
4f4b8c9113,आँगन एक,7
2befc80451,एक मतको,7
a19043b357,सहमत छु,7
b380340b09,गीत हो।,7
18715f7863,पनि छैन,7
3116d70f9e,अझ बढेछ,7
9184e2989f,एक थोपा,7
5e40d995e8,मोडिन्छ,7
af142992d5,आँखा एक,7
90d3100c83,फ्रक हो,7
7ff74b3aba,कर्म हो,7
d7b760c040,छोएको छ,7
7c04b4cfa9,कार्य छ,7
817d0bed7f,कलेज हो,7
b2aaf29ebf,अवगत छु,7
cbb21c5f3a,मूल लवज,7
3f5b37c297,छ कि यो,7
90d616cab0,किन यति,7
6ba1a9a1cf,पञ्चायत,7
55bff4005e,अनमोल छ,7
d2ac24dab1,भन न भन,7
de9db1c0e9,पट्मारा,7
468b19c1f1,दिनु हो,7
dd0e5460d4,एक टनमा,7
960fdb707b,बढेको छ,7
bc055b5da9,गड फादर,7
46b99122ca,खुसी भए,7
ebd7cb098d,रहर त छ,7
a02d82e6f8,लागि एक,7
6c002f2833,धालिसको,7
04271b359d,हे माता,7
71d495a29b,कमा बढी,7
be5eb5d243,हिट भयो,7
756245c725,बिऊ तेल,7
805107d20d,जरुरी छ,7
8f5c93fbcf,लोभ नगर,7
ebdd0699b0,चिनिन्छ,7
02ea9cbcdb,चार गीत,7
1999609210,मोडिन्छ,7
ddff6e2353,छ कि यो,7
1d52e1f0ec,म चाँडै,7
9ac1d92591,द पोस्ट,7
e18153d014,कालोलाई,7
0d36ec0fa2,पनि थिए,7
7bc82b2d70,रहन सके,7
43d6c330dc,जसमा आठ,7
1601b4d4ee,र यो एक,7
7c5e4d2686,एक हुन्,7
84e84b3b71,लिएको छ,7
fbfded7cf5,जेल परे,7
74038d4cfa,भेरि मच,7
547cc7c60c,पछि आएर,7
79f9fc226a,चार गीत,7
95c1f7329b,राजा भए,7
bb5b9986fd,संसारको,7
d2fe2f0a2f,लागि एक,7
8464ce68fb,यो दिन,6
22c0580197,भनाइ छ,6
54685d7089,कठ आदि,6
ee66ad6638,यस फोन,6
d984cbf7d0,उठ्छन्,6
e71b2e681a,कठ आदि,6
9215a9757d,भए पनि,6
6f42c64a29,कालीको,6
f0404be0b8,यी जीन,6
bb73c9bfe1,जुन आज,6
3a0f9b5f0b,बाँसका,6
915859c13b,भवन हो,6
e8f63bbffc,होइन र,6
012c671d3f,चौक हो,6
a404c6a854,पनि हो,6
6a16ab0bcd,एकदम छ,6
72e042d5e1,सरकारी,6
66cabf071b,ललीपोप,6
4fc5417f48,जुन आज,6
3260ebb087,यो महल,6
2fcba29cc1,नदी हो,6
b936dcabdd,नदी हो,6
16d000a6d6,यो नदी,6
9c3be3138f,पनि कम,6
8e9fda2f25,कठ आदि,6
19a3c6fdcb,फरक मत,6
bb5e8a22fb,एक झलक,6
169d36d68b,ज त जा,6
5b53b0852d,बगाउँछ,6
46868fe38b,यसमा म,6
19c3de1b99,भारतमा,6
1bfbe9df6f,बिट हो,6
9724b118cd,ए यो त,6
1bc2cce96e,यो सबै,6
bfabccafc1,पर्बते,6
5c44302be5,गएको छ,6
d48be5a5d0,सफल भए,6
8cf89970f6,एक लाख,6
f54f1c758e,आएको छ,6
6ed0a6f808,मल्लको,6
de007279b1,टाढा छ,6
97e82de64e,बिट हो,6
4d8f02754a,भवन हो,6
13189d40b8,सूचक छ,6
6ea8d2d206,देश हो,6
fad1ec099b,यी जीन,6
be76beec8d,फरक मत,6
f41f468189,थर हो।,6
893e22a43a,यस अघि,6
a4af8cb0a0,फरक मत,6
b8f4568c27,यो दिन,6
9cc26772d1,कि कसो,6
dd20a8b9e1,यो फूल,6
ca259a2491,हो यौन,6
b6e7c7fbf6,उनीहरू,6
98ca925c35,गजुर छ,6
42c1e33294,खै गाई,6
dfb4838066,थर हो।,6
39fdfc9f32,मल्लको,6
584e8da912,पटखौली,6
1f81c74b6b,एक झलक,6
dfb625163e,जटिल छ,6
ff3a426b8b,यो महल,6
7b81c25042,नगर हो,6
96bc5ed6ec,तर पनि,6
38ee558428,चरो हो,6
9a54b8818a,गढी हो,6
dd726aebc3,नदी हो,6
4ec360ee57,जानु छ,6
4902a6d717,यस दिन,6
f2168f9d36,अधिक छ,6
95450e4e88,यस फोन,6
d14f339825,कठ आदि,6
7dffb75d57,भनिन्छ,6
9c60762a3a,चयन भए,6
9452ffbc94,चरो हो,6
d54fae2639,गीत हो,6
a4c1ebefc3,घर छन्,6
4b80f5d4e0,चयन भए,6
74af44d8b8,हुने छ,6
700712b3fa,पन्जाब,6
720d9c1d38,गढी हो,6
45670b62d5,भवन हो,6
068033f965,आएको छ,6
7d68618f10,उनी एक,6
22ffc6072e,भनाइ छ,6
1fc309bf45,यो दिन,6
4c425f1725,यो महल,6
29e9de91b2,तब गएर,6
3c47b41e5b,पटनामा,6
16f6cf8b44,बगाउँछ,6
f3c35162fd,पन्जाब,6
96b6c79b22,बधाई छ,6
d3a3a7f4f4,एकदम छ,6
43c60fe6df,एक सहर,6
de9af1176e,पदमपुर,6
733c9dc8c7,तिनलाई,6
bededef356,सफल भए,6
adc09e7407,यस अघि,6
aeb8ec4fd3,चरो हो,6
ce82562430,यो रकम,6
afc75f999a,यस पछि,6
4bb2221c91,चौक हो,6
bc5328e7ef,नदी हो,6
ed4fdf08ae,पचमुखे,6
cc18e16234,एक हो।,6
fec9a3f8bd,यो सहर,6
4ef32bd371,सफल भए,6
3e8105b4e2,जुन आज,6
91abacd11f,पटखौली,6
5b22048879,मारिए।,6
a7e992e66e,पनि गए,6
e5769be7b2,जुन आज,6
127b7cae86,इलाममा,6
2174a54646,पचमुखे,6
414a1f7403,गराइना,6
5527d9a118,एक दिन,6
b9b68f83fc,आज पनि,6
4738238938,पञ्चमी,6
6365947f36,ती आमै,6
e31ce3c298,बिट हो,6
d0981cf256,पञ्चमी,6
ee6896ec30,हो यौन,6
9815d95742,किम्बु,6
93323135ad,तर न त,6
9763a123a9,उठ्छन्,6
84e027a4da,ओ सलाम,6
5eff5a79da,भनिन्छ,6
2f5c6bf75f,पटनामा,6
d3472d1052,एक युग,6
9b05f724db,हो यौन,6
10dc53a3b7,दश टिम,6
9109db85ac,गएको छ,6
73701ad375,भएन नि,6
da439fbb33,कालीको,6
5ba84b5330,गणना छ,6
4a104f1a99,किम्बु,6
db1299ddcc,एक लाख,6
451f5601be,केसीले,6
3638dbb528,भवन हो,6
10e17064c5,खुला छ,6
d7f31699eb,ए यो त,6
15cc1ce65e,आएको छ,6
3c1b65ae66,आउट भए,6
3c818cd572,हुने छ,6
33799cd172,यो फूल,6
823905eae2,यो भवन,6
74e244831c,यहाँको,6
583823bf89,मत छन्,6
6487ea9e09,टाढा छ,6
3c5960c0b1,चौक हो,6
04a3f6f362,भनाइ छ,6
a17c56d7f1,ओ सलाम,6
4c79f200ca,कालीका,6
a1bba6b125,पदार्थ,6
9d73904aee,बध गरे,6
48a0e16f89,होइन र,6
b7c8603536,पर्बते,6
2d4cb98239,तब गएर,6
3132ca1199,पनि गए,6
19093eac82,देश हो,6
fee040ec2a,गणना छ,6
899747f8ba,छोरा छ,6
37d9a2aff5,पचमुखे,6
3ca4f2a5df,जारी छ,6
f4481be0f7,आएको छ,6
ff5743352b,तर न त,6
107688ef1d,थर हो।,6
da8a705318,जानु छ,6
ae3e13171f,एक झलक,6
e98bd84f5f,छोरा छ,6
54ebc07b92,कृषिमा,6
2ef3d62b87,भनिन्छ,6
418bb5f574,घरमा छ,6
2bf9530fa8,तिनलाई,6
3a83c5ab26,भनाइ छ,6
7ec14794e3,भवन हो,6
6f4ba01978,सरकारी,6
6789004ee7,काहुले,6
19f80bb410,थर हो।,6
6698413024,एक थिए,6
e97d1e9968,यो भवन,6
5a5d75cbc5,मत छन्,6
1b4c312907,पनि कम,6
bea71a0d50,इलाममा,6
7674139d26,किम्बु,6
5efa08aa17,यस पछि,6
3061f5fd9f,केसीले,6
dc08402f4c,टाढा छ,6
ce4f769b4c,यो फोन,6
1c0fcfaa6e,अधिक छ,6
2eea8a3524,कि कसो,6
1353819b14,खडा भए,6
ca71f1da7a,चौक हो,6
8e485cbec3,हो यौन,6
0da774c084,यहाँको,6
02f23bce72,हुने छ,6
303ea93934,यो चरा,6
2578169404,फरक मत,6
cbc546d626,भवन हो,6
fcaba2334f,यो महल,6
d7464cf544,स्थल छ,6
890bbf23e2,ती आमै,6
f658a5c186,सहर हो,6
ff7597f83f,कासगंज,6
31d98bff2c,पटनामा,6
28922f5d30,आएको छ,6
d2ca0a6964,यस दिन,6
6902323dc6,यो भवन,6
3d28e7afbf,ज त जा,6
849e47a277,लिन कम,6
bbaba804ef,केसीले,6
1ca06ab9b0,गीत हो,6
831cb1e719,नदी हो,6
ccbaa4004f,सरकारी,6
474c1e0dda,मैले त,6
4961dd2a7e,उठ्छन्,6
9d0878dabb,कासगंज,6
85a1e12c32,बाँसका,6
bdc145c3cf,ज त जा,6
51211b2857,मत छन्,6
4e39e3a1ed,जटिल छ,6
2793349aa9,एक युग,6
7c317022e2,तर पनि,6
725759484f,यी जीन,6
5afbc08b52,केसीले,6
e7b3e9c808,मारिए।,6
2a016bb8c9,खै गाई,6
0411ac741c,एक दिन,6
ff63924749,होइन र,6
7c1bd22d61,उनी एक,6
179f87d047,मत छन्,6
bd74c17ba2,आज पनि,6
22df781c7b,देश हो,6
a873670399,यी सबै,6
2517d729c6,उनी एक,6
574226c057,सहर हो,6
6a6fdadb4f,पनि कम,6
70f24ac91d,काहुले,6
ca6668bc04,अधिक छ,6
2e6e057cb7,यो सबै,6
cb1892cfcf,एक दिन,6
f46f41f0cf,बधाई छ,6
9aa2d1f259,यी जीन,6
1e0e107499,ओ सलाम,6
e234348c47,यो महल,6
8e4ef766ca,यो चरा,6
1a168afd8c,एक थिए,6
4d3320a499,एसओएस,5
0bfb28a351,म पनि,5
39bf9ae009,जसलाई,5
32911759cf,यो फल,5
582ba868bc,थर हो,5
bda61be694,एक हो,5
7d5a4368b4,वाहिद,5
70f0ea095c,यो मठ,5
6eead5bffd,चलन छ,5
441d45859d,पोखरा,5
b83d6444f4,जग हो,5
db399aca50,बनेको,5
baf4a63a95,बसी छ,5
f4bdd9b33d,बढी छ,5
19c15ed148,खटलाई,5
19d4e7ca77,म अझै,5
8e576e554a,नै हो,5
74b64e3e14,यसलाई,5
384372807b,कथन छ,5
46656e12af,खान छ,5
02fc0c5038,तपाईँ,5
bb7686fcd7,बसी छ,5
7b74f66e3d,किमले,5
d0fd275c30,म पनि,5
88119c06c2,पजारु,5
8ae00e6368,यही छ,5
df445264d4,तपाईँ,5
81c94f0aa9,तपाईँ,5
e59e0ce35e,धन हो,5
8b257b7caf,फल हो,5
ce3bf7d940,तपाईँ,5
5b0b2cbb65,खटलाई,5
d79b5eec52,म पनि,5
736834c7c1,यसबाट,5
bf2d16947c,फल हो,5
03afa53415,बनेको,5
ba4e800fa7,तपाईँ,5
584177a0d6,म पनि,5
6618f5fa97,म अझै,5
3b98d2650a,ऊ सँग,5
b96196b9e3,ठीक छ,5
ed81fa2dce,यसलाई,5
922bf98f2b,फल हो,5
1ac4eedb7c,एक हो,5
989d277814,बढी छ,5
551f5cc7e8,किमले,5
3896ec7512,यो फल,5
9028ca0b93,मे मा,5
3c959676e4,यसलाई,5
82fa4e0bd7,खटलाई,5
4e5e125162,पोखरा,5
e1d4b1a3d8,नै हो,5
77dd5bd3c4,कथन छ,5
7ab6542829,कथन छ,5
dd54917073,तिला,4
7dfcea72ed,नगरा,4
7f162dac45,के छ,4
f22a1567bb,मैले,4
4e8b256d79,नगरा,4
e46f6137a6,नकुल,4
12fccaefc6,नगरा,4
55259e39ee,नगरा,4
0e795a7dba,काली,4
e9ec20e455,विजय,4
7ee5c5e8a1,पटना,4
289fc398fb,यसले,4
0def759c82,के छ,4
fe21016450,मैले,4
e7c4aa29af,नारा,4
e257043038,पटना,4
9c34f279e1,जसमा,4
ea0be489ea,के छ,4
126c178e32,नकुल,4
194f4a06ab,मैले,4
8d5df61e96,नकुल,4
8f35aa7647,मैले,4
9914d1a135,मर्छ,4
2a3e2b1b1b,काली,4
207f7cd51e,उहाँ,4
82d2f64b5e,नारा,4
85a39d1325,धातु,4
830faefea2,तिला,4
1749421fc0,काली,4
ae5b1598ce,तिला,4
2f0dda08df,काली,4
20fcd28cc5,काली,4
b05cdc66a2,होस्,4
6912deb9d0,मर्छ,4
b223ca07b0,मर्छ,4
ab1d6897db,यहाँ,4
7b9949c9e6,विजय,4
ac6f6f0c86,विजय,4
b0cfc4d041,मैले,4
b674f55d7d,विजय,4
0a3472437f,गीत,3
982bfedb63,नदी,3
2c6a911aff,गीत,3
bb025f678a,यो,2
69cf190671,यो,2
0b43692e31,यो,2
e7721a81ef,व,1
a6f0047f08,र,1
f8b166ef7e,र,1
3d1ab2b4bb,र,1
245aeda7f6,र,1
11727003b8,र,1
5f14502d25,र,1
